fecha,variedad,fundo,antocianinas(mg/baya),prediction,subset,split_id,method,predictors,n_predictors,seed
2025-02-24,Cabernet Sauvignon,IDAHUE,1.6072245,2.271217119606352,mixed,IDAHUE,LOFO,GDA|VPD_medio_acum|IFs_acum|peso_baya|rendimiento(ton/ha),5,42
2025-03-17,Cabernet Sauvignon,IDAHUE,1.74895,2.365246215459503,mixed,IDAHUE,LOFO,GDA|VPD_medio_acum|IFs_acum|peso_baya|rendimiento(ton/ha),5,42
2025-03-21,Cabernet Sauvignon,IDAHUE,1.7799993749999998,2.4738447622134783,mixed,IDAHUE,LOFO,GDA|VPD_medio_acum|IFs_acum|peso_baya|rendimiento(ton/ha),5,42
2025-03-28,Cabernet Sauvignon,IDAHUE,1.4793975,2.2024043422469624,mixed,IDAHUE,LOFO,GDA|VPD_medio_acum|IFs_acum|peso_baya|rendimiento(ton/ha),5,42
2025-04-04,Cabernet Sauvignon,IDAHUE,1.3630925,2.251485194882205,mixed,IDAHUE,LOFO,GDA|VPD_medio_acum|IFs_acum|peso_baya|rendimiento(ton/ha),5,42
2025-04-11,Cabernet Sauvignon,IDAHUE,1.743721875,2.3680689748103143,mixed,IDAHUE,LOFO,GDA|VPD_medio_acum|IFs_acum|peso_baya|rendimiento(ton/ha),5,42
2025-02-27,Cabernet Sauvignon,KEULE,2.12333275,1.7253464237750264,mixed,KEULE,LOFO,GDA|VPD_medio_acum|IFs_acum|peso_baya|rendimiento(ton/ha),5,42
2025-03-10,Cabernet Sauvignon,KEULE,2.545767,1.7279880056731742,mixed,KEULE,LOFO,GDA|VPD_medio_acum|IFs_acum|peso_baya|rendimiento(ton/ha),5,42
2025-03-19,Cabernet Sauvignon,KEULE,2.50231275,1.9830030316920246,mixed,KEULE,LOFO,GDA|VPD_medio_acum|IFs_acum|peso_baya|rendimiento(ton/ha),5,42
2025-03-26,Cabernet Sauvignon,KEULE,1.99232075,1.89418416109393,mixed,KEULE,LOFO,GDA|VPD_medio_acum|IFs_acum|peso_baya|rendimiento(ton/ha),5,42
2025-04-02,Cabernet Sauvignon,KEULE,2.392560625,1.7153671352388877,mixed,KEULE,LOFO,GDA|VPD_medio_acum|IFs_acum|peso_baya|rendimiento(ton/ha),5,42
2025-04-10,Cabernet Sauvignon,KEULE,2.677460625,1.9031451902215664,mixed,KEULE,LOFO,GDA|VPD_medio_acum|IFs_acum|peso_baya|rendimiento(ton/ha),5,42
2025-03-11,Cabernet Sauvignon,LOURDES,2.2381852500000003,3.0006939863601927,mixed,LOURDES,LOFO,GDA|VPD_medio_acum|IFs_acum|peso_baya|rendimiento(ton/ha),5,42
2025-03-17,Cabernet Sauvignon,LOURDES,2.086401625,2.8083657731793115,mixed,LOURDES,LOFO,GDA|VPD_medio_acum|IFs_acum|peso_baya|rendimiento(ton/ha),5,42
2025-03-24,Cabernet Sauvignon,LOURDES,2.21774875,2.8964341301092493,mixed,LOURDES,LOFO,GDA|VPD_medio_acum|IFs_acum|peso_baya|rendimiento(ton/ha),5,42
2025-03-31,Cabernet Sauvignon,LOURDES,2.2092262500000004,3.2182865973079045,mixed,LOURDES,LOFO,GDA|VPD_medio_acum|IFs_acum|peso_baya|rendimiento(ton/ha),5,42
2025-04-07,Cabernet Sauvignon,LOURDES,2.29845,2.7387592248820103,mixed,LOURDES,LOFO,GDA|VPD_medio_acum|IFs_acum|peso_baya|rendimiento(ton/ha),5,42
2025-03-04,Carmenere,LOURDES,2.9536290000000003,3.754580344735667,mixed,LOURDES,LOFO,GDA|VPD_medio_acum|IFs_acum|peso_baya|rendimiento(ton/ha),5,42
2025-03-11,Carmenere,LOURDES,3.1210410000000004,3.7596835324463678,mixed,LOURDES,LOFO,GDA|VPD_medio_acum|IFs_acum|peso_baya|rendimiento(ton/ha),5,42
2025-03-18,Carmenere,LOURDES,3.59898,3.73302292000202,mixed,LOURDES,LOFO,GDA|VPD_medio_acum|IFs_acum|peso_baya|rendimiento(ton/ha),5,42
2025-03-25,Carmenere,LOURDES,2.9711535,3.8241309463731903,mixed,LOURDES,LOFO,GDA|VPD_medio_acum|IFs_acum|peso_baya|rendimiento(ton/ha),5,42
2025-04-01,Carmenere,LOURDES,3.011736,2.9329493342749475,mixed,LOURDES,LOFO,GDA|VPD_medio_acum|IFs_acum|peso_baya|rendimiento(ton/ha),5,42
2025-04-15,Carmenere,LOURDES,2.263086,3.5077027410620243,mixed,LOURDES,LOFO,GDA|VPD_medio_acum|IFs_acum|peso_baya|rendimiento(ton/ha),5,42
2025-03-18,Cabernet Sauvignon,NILAHUE,3.744678,2.9865168331559335,mixed,NILAHUE,LOFO,GDA|VPD_medio_acum|IFs_acum|peso_baya|rendimiento(ton/ha),5,42
2025-03-26,Cabernet Sauvignon,NILAHUE,3.0842805,2.983304917163491,mixed,NILAHUE,LOFO,GDA|VPD_medio_acum|IFs_acum|peso_baya|rendimiento(ton/ha),5,42
2025-04-01,Cabernet Sauvignon,NILAHUE,3.3433741249999995,3.6819215632421924,mixed,NILAHUE,LOFO,GDA|VPD_medio_acum|IFs_acum|peso_baya|rendimiento(ton/ha),5,42
2025-04-08,Cabernet Sauvignon,NILAHUE,2.61576875,2.9711856191365986,mixed,NILAHUE,LOFO,GDA|VPD_medio_acum|IFs_acum|peso_baya|rendimiento(ton/ha),5,42
2025-04-15,Cabernet Sauvignon,NILAHUE,2.464182,2.675442887909229,mixed,NILAHUE,LOFO,GDA|VPD_medio_acum|IFs_acum|peso_baya|rendimiento(ton/ha),5,42
2025-04-30,Cabernet Sauvignon,NILAHUE,2.486019375,2.954319425357646,mixed,NILAHUE,LOFO,GDA|VPD_medio_acum|IFs_acum|peso_baya|rendimiento(ton/ha),5,42
2025-03-11,Carmenere,PALO SANTO,3.171672,2.7222982231558377,mixed,PALO SANTO,LOFO,GDA|VPD_medio_acum|IFs_acum|peso_baya|rendimiento(ton/ha),5,42
2025-03-19,Carmenere,PALO SANTO,4.07652,2.9775591580109855,mixed,PALO SANTO,LOFO,GDA|VPD_medio_acum|IFs_acum|peso_baya|rendimiento(ton/ha),5,42
2025-04-01,Carmenere,PALO SANTO,4.044547499999999,2.7386224413034572,mixed,PALO SANTO,LOFO,GDA|VPD_medio_acum|IFs_acum|peso_baya|rendimiento(ton/ha),5,42
2025-04-15,Carmenere,PALO SANTO,3.920361375,2.7461309029017404,mixed,PALO SANTO,LOFO,GDA|VPD_medio_acum|IFs_acum|peso_baya|rendimiento(ton/ha),5,42
2025-04-30,Carmenere,PALO SANTO,4.08499,2.823941474279708,mixed,PALO SANTO,LOFO,GDA|VPD_medio_acum|IFs_acum|peso_baya|rendimiento(ton/ha),5,42
2025-05-13,Carmenere,PALO SANTO,3.38773575,2.6828065402037398,mixed,PALO SANTO,LOFO,GDA|VPD_medio_acum|IFs_acum|peso_baya|rendimiento(ton/ha),5,42
2025-03-17,Carmenere,PEUMO,2.606373,3.07085396062927,mixed,PEUMO,LOFO,GDA|VPD_medio_acum|IFs_acum|peso_baya|rendimiento(ton/ha),5,42
2025-03-25,Carmenere,PEUMO,2.605603,3.1155315864891824,mixed,PEUMO,LOFO,GDA|VPD_medio_acum|IFs_acum|peso_baya|rendimiento(ton/ha),5,42
2025-04-03,Carmenere,PEUMO,3.3828375000000004,3.201993016019525,mixed,PEUMO,LOFO,GDA|VPD_medio_acum|IFs_acum|peso_baya|rendimiento(ton/ha),5,42
2025-04-17,Carmenere,PEUMO,2.44161225,2.7749474681728734,mixed,PEUMO,LOFO,GDA|VPD_medio_acum|IFs_acum|peso_baya|rendimiento(ton/ha),5,42
2025-04-30,Carmenere,PEUMO,2.3923243749999994,2.964757873508718,mixed,PEUMO,LOFO,GDA|VPD_medio_acum|IFs_acum|peso_baya|rendimiento(ton/ha),5,42
2025-05-06,Carmenere,PEUMO,3.641127,3.1712051292899748,mixed,PEUMO,LOFO,GDA|VPD_medio_acum|IFs_acum|peso_baya|rendimiento(ton/ha),5,42
2025-03-05,Cabernet Sauvignon,QUEBRADA DE AGUA,2.79048,3.3608509298134557,mixed,QUEBRADA DE AGUA,LOFO,GDA|VPD_medio_acum|IFs_acum|peso_baya|rendimiento(ton/ha),5,42
2025-03-12,Cabernet Sauvignon,QUEBRADA DE AGUA,2.6010425,3.017469288735923,mixed,QUEBRADA DE AGUA,LOFO,GDA|VPD_medio_acum|IFs_acum|peso_baya|rendimiento(ton/ha),5,42
2025-03-19,Cabernet Sauvignon,QUEBRADA DE AGUA,3.1299975,2.911057993762864,mixed,QUEBRADA DE AGUA,LOFO,GDA|VPD_medio_acum|IFs_acum|peso_baya|rendimiento(ton/ha),5,42
2025-03-27,Cabernet Sauvignon,QUEBRADA DE AGUA,2.641786875,2.6826712561184385,mixed,QUEBRADA DE AGUA,LOFO,GDA|VPD_medio_acum|IFs_acum|peso_baya|rendimiento(ton/ha),5,42
2025-04-03,Cabernet Sauvignon,QUEBRADA DE AGUA,2.113097,2.3330630882175276,mixed,QUEBRADA DE AGUA,LOFO,GDA|VPD_medio_acum|IFs_acum|peso_baya|rendimiento(ton/ha),5,42
2025-04-10,Cabernet Sauvignon,QUEBRADA DE AGUA,2.502038,2.755363363695103,mixed,QUEBRADA DE AGUA,LOFO,GDA|VPD_medio_acum|IFs_acum|peso_baya|rendimiento(ton/ha),5,42
2025-03-10,Carmenere,QUINTA MAIPO,2.46619975,2.403549884070435,mixed,QUINTA MAIPO,LOFO,GDA|VPD_medio_acum|IFs_acum|peso_baya|rendimiento(ton/ha),5,42
2025-03-17,Carmenere,QUINTA MAIPO,3.156531,3.5271038359207347,mixed,QUINTA MAIPO,LOFO,GDA|VPD_medio_acum|IFs_acum|peso_baya|rendimiento(ton/ha),5,42
2025-04-07,Carmenere,QUINTA MAIPO,3.520391875,3.669026855659907,mixed,QUINTA MAIPO,LOFO,GDA|VPD_medio_acum|IFs_acum|peso_baya|rendimiento(ton/ha),5,42
2025-04-14,Carmenere,QUINTA MAIPO,2.9872885,3.089149583126324,mixed,QUINTA MAIPO,LOFO,GDA|VPD_medio_acum|IFs_acum|peso_baya|rendimiento(ton/ha),5,42
2025-04-22,Carmenere,QUINTA MAIPO,3.0813037500000005,3.466031692723828,mixed,QUINTA MAIPO,LOFO,GDA|VPD_medio_acum|IFs_acum|peso_baya|rendimiento(ton/ha),5,42
2025-05-05,Carmenere,QUINTA MAIPO,3.05628225,3.608119851908429,mixed,QUINTA MAIPO,LOFO,GDA|VPD_medio_acum|IFs_acum|peso_baya|rendimiento(ton/ha),5,42
2025-03-12,Carmenere,RAUCO,2.496032,2.869236791784417,mixed,RAUCO,LOFO,GDA|VPD_medio_acum|IFs_acum|peso_baya|rendimiento(ton/ha),5,42
2025-03-18,Carmenere,RAUCO,2.838980375,3.351868642900247,mixed,RAUCO,LOFO,GDA|VPD_medio_acum|IFs_acum|peso_baya|rendimiento(ton/ha),5,42
2025-04-02,Carmenere,RAUCO,4.27631575,3.696669943947563,mixed,RAUCO,LOFO,GDA|VPD_medio_acum|IFs_acum|peso_baya|rendimiento(ton/ha),5,42
2025-04-17,Carmenere,RAUCO,3.1461814999999995,3.4060893501710994,mixed,RAUCO,LOFO,GDA|VPD_medio_acum|IFs_acum|peso_baya|rendimiento(ton/ha),5,42
2025-04-25,Carmenere,RAUCO,3.818784375,3.670660587932141,mixed,RAUCO,LOFO,GDA|VPD_medio_acum|IFs_acum|peso_baya|rendimiento(ton/ha),5,42
2025-05-05,Carmenere,RAUCO,3.42311725,3.4666743081120406,mixed,RAUCO,LOFO,GDA|VPD_medio_acum|IFs_acum|peso_baya|rendimiento(ton/ha),5,42
2025-02-27,Cabernet Sauvignon,SAN ADOLFO,1.50448375,2.3615093265641245,mixed,SAN ADOLFO,LOFO,GDA|VPD_medio_acum|IFs_acum|peso_baya|rendimiento(ton/ha),5,42
2025-03-10,Cabernet Sauvignon,SAN ADOLFO,1.847832,2.3634240285594945,mixed,SAN ADOLFO,LOFO,GDA|VPD_medio_acum|IFs_acum|peso_baya|rendimiento(ton/ha),5,42
2025-03-17,Cabernet Sauvignon,SAN ADOLFO,2.138346,2.36511664753685,mixed,SAN ADOLFO,LOFO,GDA|VPD_medio_acum|IFs_acum|peso_baya|rendimiento(ton/ha),5,42
2025-03-24,Cabernet Sauvignon,SAN ADOLFO,1.46993,2.3230488920349397,mixed,SAN ADOLFO,LOFO,GDA|VPD_medio_acum|IFs_acum|peso_baya|rendimiento(ton/ha),5,42
2025-03-31,Cabernet Sauvignon,SAN ADOLFO,2.1408345,2.1880841485551,mixed,SAN ADOLFO,LOFO,GDA|VPD_medio_acum|IFs_acum|peso_baya|rendimiento(ton/ha),5,42
2025-04-07,Cabernet Sauvignon,SAN ADOLFO,1.7882445,2.127285381895693,mixed,SAN ADOLFO,LOFO,GDA|VPD_medio_acum|IFs_acum|peso_baya|rendimiento(ton/ha),5,42
2025-02-27,Carmenere,VILLA ALEGRE,4.027289000000001,2.5741043222164337,mixed,VILLA ALEGRE,LOFO,GDA|VPD_medio_acum|IFs_acum|peso_baya|rendimiento(ton/ha),5,42
2025-03-10,Carmenere,VILLA ALEGRE,5.3456445,3.1941108354415335,mixed,VILLA ALEGRE,LOFO,GDA|VPD_medio_acum|IFs_acum|peso_baya|rendimiento(ton/ha),5,42
2025-03-17,Carmenere,VILLA ALEGRE,4.90439775,3.2006289352903687,mixed,VILLA ALEGRE,LOFO,GDA|VPD_medio_acum|IFs_acum|peso_baya|rendimiento(ton/ha),5,42
2025-03-24,Carmenere,VILLA ALEGRE,4.65295075,3.2286931798833183,mixed,VILLA ALEGRE,LOFO,GDA|VPD_medio_acum|IFs_acum|peso_baya|rendimiento(ton/ha),5,42
2025-03-31,Carmenere,VILLA ALEGRE,3.801364875,3.255431827512,mixed,VILLA ALEGRE,LOFO,GDA|VPD_medio_acum|IFs_acum|peso_baya|rendimiento(ton/ha),5,42
2025-04-04,Carmenere,VILLA ALEGRE,3.446898,2.805060073093827,mixed,VILLA ALEGRE,LOFO,GDA|VPD_medio_acum|IFs_acum|peso_baya|rendimiento(ton/ha),5,42
2025-02-24,Cabernet Sauvignon,IDAHUE,1.6072245,2.3050688572314604,mixed,IDAHUE,LOFO,GDA|VPD_medio_acum|IFs_acum|peso_baya|rendimiento(ton/ha),5,123
2025-03-17,Cabernet Sauvignon,IDAHUE,1.74895,2.3806391472139925,mixed,IDAHUE,LOFO,GDA|VPD_medio_acum|IFs_acum|peso_baya|rendimiento(ton/ha),5,123
2025-03-21,Cabernet Sauvignon,IDAHUE,1.7799993749999998,2.5009103998795483,mixed,IDAHUE,LOFO,GDA|VPD_medio_acum|IFs_acum|peso_baya|rendimiento(ton/ha),5,123
2025-03-28,Cabernet Sauvignon,IDAHUE,1.4793975,2.2264152341769172,mixed,IDAHUE,LOFO,GDA|VPD_medio_acum|IFs_acum|peso_baya|rendimiento(ton/ha),5,123
2025-04-04,Cabernet Sauvignon,IDAHUE,1.3630925,2.267339230605128,mixed,IDAHUE,LOFO,GDA|VPD_medio_acum|IFs_acum|peso_baya|rendimiento(ton/ha),5,123
2025-04-11,Cabernet Sauvignon,IDAHUE,1.743721875,2.3861115152667574,mixed,IDAHUE,LOFO,GDA|VPD_medio_acum|IFs_acum|peso_baya|rendimiento(ton/ha),5,123
2025-02-27,Cabernet Sauvignon,KEULE,2.12333275,1.708910817530585,mixed,KEULE,LOFO,GDA|VPD_medio_acum|IFs_acum|peso_baya|rendimiento(ton/ha),5,123
2025-03-10,Cabernet Sauvignon,KEULE,2.545767,1.7334478656509555,mixed,KEULE,LOFO,GDA|VPD_medio_acum|IFs_acum|peso_baya|rendimiento(ton/ha),5,123
2025-03-19,Cabernet Sauvignon,KEULE,2.50231275,1.9687890457380286,mixed,KEULE,LOFO,GDA|VPD_medio_acum|IFs_acum|peso_baya|rendimiento(ton/ha),5,123
2025-03-26,Cabernet Sauvignon,KEULE,1.99232075,1.9010516809394804,mixed,KEULE,LOFO,GDA|VPD_medio_acum|IFs_acum|peso_baya|rendimiento(ton/ha),5,123
2025-04-02,Cabernet Sauvignon,KEULE,2.392560625,1.7140654714050587,mixed,KEULE,LOFO,GDA|VPD_medio_acum|IFs_acum|peso_baya|rendimiento(ton/ha),5,123
2025-04-10,Cabernet Sauvignon,KEULE,2.677460625,1.9045721618350373,mixed,KEULE,LOFO,GDA|VPD_medio_acum|IFs_acum|peso_baya|rendimiento(ton/ha),5,123
2025-03-11,Cabernet Sauvignon,LOURDES,2.2381852500000003,2.9551808191539712,mixed,LOURDES,LOFO,GDA|VPD_medio_acum|IFs_acum|peso_baya|rendimiento(ton/ha),5,123
2025-03-17,Cabernet Sauvignon,LOURDES,2.086401625,2.804932636467019,mixed,LOURDES,LOFO,GDA|VPD_medio_acum|IFs_acum|peso_baya|rendimiento(ton/ha),5,123
2025-03-24,Cabernet Sauvignon,LOURDES,2.21774875,2.8961521740991594,mixed,LOURDES,LOFO,GDA|VPD_medio_acum|IFs_acum|peso_baya|rendimiento(ton/ha),5,123
2025-03-31,Cabernet Sauvignon,LOURDES,2.2092262500000004,3.1706952564384694,mixed,LOURDES,LOFO,GDA|VPD_medio_acum|IFs_acum|peso_baya|rendimiento(ton/ha),5,123
2025-04-07,Cabernet Sauvignon,LOURDES,2.29845,2.746068094586126,mixed,LOURDES,LOFO,GDA|VPD_medio_acum|IFs_acum|peso_baya|rendimiento(ton/ha),5,123
2025-03-04,Carmenere,LOURDES,2.9536290000000003,3.6866730667446426,mixed,LOURDES,LOFO,GDA|VPD_medio_acum|IFs_acum|peso_baya|rendimiento(ton/ha),5,123
2025-03-11,Carmenere,LOURDES,3.1210410000000004,3.6931594342453296,mixed,LOURDES,LOFO,GDA|VPD_medio_acum|IFs_acum|peso_baya|rendimiento(ton/ha),5,123
2025-03-18,Carmenere,LOURDES,3.59898,3.687745491300886,mixed,LOURDES,LOFO,GDA|VPD_medio_acum|IFs_acum|peso_baya|rendimiento(ton/ha),5,123
2025-03-25,Carmenere,LOURDES,2.9711535,3.7595689885417127,mixed,LOURDES,LOFO,GDA|VPD_medio_acum|IFs_acum|peso_baya|rendimiento(ton/ha),5,123
2025-04-01,Carmenere,LOURDES,3.011736,2.913580074434808,mixed,LOURDES,LOFO,GDA|VPD_medio_acum|IFs_acum|peso_baya|rendimiento(ton/ha),5,123
2025-04-15,Carmenere,LOURDES,2.263086,3.4865131730627983,mixed,LOURDES,LOFO,GDA|VPD_medio_acum|IFs_acum|peso_baya|rendimiento(ton/ha),5,123
2025-03-18,Cabernet Sauvignon,NILAHUE,3.744678,2.9321701913719123,mixed,NILAHUE,LOFO,GDA|VPD_medio_acum|IFs_acum|peso_baya|rendimiento(ton/ha),5,123
2025-03-26,Cabernet Sauvignon,NILAHUE,3.0842805,2.9327056418894517,mixed,NILAHUE,LOFO,GDA|VPD_medio_acum|IFs_acum|peso_baya|rendimiento(ton/ha),5,123
2025-04-01,Cabernet Sauvignon,NILAHUE,3.3433741249999995,3.694402904394615,mixed,NILAHUE,LOFO,GDA|VPD_medio_acum|IFs_acum|peso_baya|rendimiento(ton/ha),5,123
2025-04-08,Cabernet Sauvignon,NILAHUE,2.61576875,2.9203744739207016,mixed,NILAHUE,LOFO,GDA|VPD_medio_acum|IFs_acum|peso_baya|rendimiento(ton/ha),5,123
2025-04-15,Cabernet Sauvignon,NILAHUE,2.464182,2.6641461950197094,mixed,NILAHUE,LOFO,GDA|VPD_medio_acum|IFs_acum|peso_baya|rendimiento(ton/ha),5,123
2025-04-30,Cabernet Sauvignon,NILAHUE,2.486019375,2.9123430465611695,mixed,NILAHUE,LOFO,GDA|VPD_medio_acum|IFs_acum|peso_baya|rendimiento(ton/ha),5,123
2025-03-11,Carmenere,PALO SANTO,3.171672,2.7315094567434963,mixed,PALO SANTO,LOFO,GDA|VPD_medio_acum|IFs_acum|peso_baya|rendimiento(ton/ha),5,123
2025-03-19,Carmenere,PALO SANTO,4.07652,2.992500924941025,mixed,PALO SANTO,LOFO,GDA|VPD_medio_acum|IFs_acum|peso_baya|rendimiento(ton/ha),5,123
2025-04-01,Carmenere,PALO SANTO,4.044547499999999,2.7941102143015595,mixed,PALO SANTO,LOFO,GDA|VPD_medio_acum|IFs_acum|peso_baya|rendimiento(ton/ha),5,123
2025-04-15,Carmenere,PALO SANTO,3.920361375,2.7888943821956307,mixed,PALO SANTO,LOFO,GDA|VPD_medio_acum|IFs_acum|peso_baya|rendimiento(ton/ha),5,123
2025-04-30,Carmenere,PALO SANTO,4.08499,2.853158376648447,mixed,PALO SANTO,LOFO,GDA|VPD_medio_acum|IFs_acum|peso_baya|rendimiento(ton/ha),5,123
2025-05-13,Carmenere,PALO SANTO,3.38773575,2.708924046861185,mixed,PALO SANTO,LOFO,GDA|VPD_medio_acum|IFs_acum|peso_baya|rendimiento(ton/ha),5,123
2025-03-17,Carmenere,PEUMO,2.606373,3.0556318376608127,mixed,PEUMO,LOFO,GDA|VPD_medio_acum|IFs_acum|peso_baya|rendimiento(ton/ha),5,123
2025-03-25,Carmenere,PEUMO,2.605603,3.0764796106912313,mixed,PEUMO,LOFO,GDA|VPD_medio_acum|IFs_acum|peso_baya|rendimiento(ton/ha),5,123
2025-04-03,Carmenere,PEUMO,3.3828375000000004,3.2172911554470565,mixed,PEUMO,LOFO,GDA|VPD_medio_acum|IFs_acum|peso_baya|rendimiento(ton/ha),5,123
2025-04-17,Carmenere,PEUMO,2.44161225,2.7769457372169364,mixed,PEUMO,LOFO,GDA|VPD_medio_acum|IFs_acum|peso_baya|rendimiento(ton/ha),5,123
2025-04-30,Carmenere,PEUMO,2.3923243749999994,3.008276437712061,mixed,PEUMO,LOFO,GDA|VPD_medio_acum|IFs_acum|peso_baya|rendimiento(ton/ha),5,123
2025-05-06,Carmenere,PEUMO,3.641127,3.1765996029985866,mixed,PEUMO,LOFO,GDA|VPD_medio_acum|IFs_acum|peso_baya|rendimiento(ton/ha),5,123
2025-03-05,Cabernet Sauvignon,QUEBRADA DE AGUA,2.79048,3.368666755653006,mixed,QUEBRADA DE AGUA,LOFO,GDA|VPD_medio_acum|IFs_acum|peso_baya|rendimiento(ton/ha),5,123
2025-03-12,Cabernet Sauvignon,QUEBRADA DE AGUA,2.6010425,2.9865693119577754,mixed,QUEBRADA DE AGUA,LOFO,GDA|VPD_medio_acum|IFs_acum|peso_baya|rendimiento(ton/ha),5,123
2025-03-19,Cabernet Sauvignon,QUEBRADA DE AGUA,3.1299975,2.912961198139239,mixed,QUEBRADA DE AGUA,LOFO,GDA|VPD_medio_acum|IFs_acum|peso_baya|rendimiento(ton/ha),5,123
2025-03-27,Cabernet Sauvignon,QUEBRADA DE AGUA,2.641786875,2.700974275030501,mixed,QUEBRADA DE AGUA,LOFO,GDA|VPD_medio_acum|IFs_acum|peso_baya|rendimiento(ton/ha),5,123
2025-04-03,Cabernet Sauvignon,QUEBRADA DE AGUA,2.113097,2.3579898536580033,mixed,QUEBRADA DE AGUA,LOFO,GDA|VPD_medio_acum|IFs_acum|peso_baya|rendimiento(ton/ha),5,123
2025-04-10,Cabernet Sauvignon,QUEBRADA DE AGUA,2.502038,2.764586601153568,mixed,QUEBRADA DE AGUA,LOFO,GDA|VPD_medio_acum|IFs_acum|peso_baya|rendimiento(ton/ha),5,123
2025-03-10,Carmenere,QUINTA MAIPO,2.46619975,2.4013079860936086,mixed,QUINTA MAIPO,LOFO,GDA|VPD_medio_acum|IFs_acum|peso_baya|rendimiento(ton/ha),5,123
2025-03-17,Carmenere,QUINTA MAIPO,3.156531,3.5204298243583505,mixed,QUINTA MAIPO,LOFO,GDA|VPD_medio_acum|IFs_acum|peso_baya|rendimiento(ton/ha),5,123
2025-04-07,Carmenere,QUINTA MAIPO,3.520391875,3.6734032622484984,mixed,QUINTA MAIPO,LOFO,GDA|VPD_medio_acum|IFs_acum|peso_baya|rendimiento(ton/ha),5,123
2025-04-14,Carmenere,QUINTA MAIPO,2.9872885,3.1356141606856287,mixed,QUINTA MAIPO,LOFO,GDA|VPD_medio_acum|IFs_acum|peso_baya|rendimiento(ton/ha),5,123
2025-04-22,Carmenere,QUINTA MAIPO,3.0813037500000005,3.4711082878574704,mixed,QUINTA MAIPO,LOFO,GDA|VPD_medio_acum|IFs_acum|peso_baya|rendimiento(ton/ha),5,123
2025-05-05,Carmenere,QUINTA MAIPO,3.05628225,3.5918821370693204,mixed,QUINTA MAIPO,LOFO,GDA|VPD_medio_acum|IFs_acum|peso_baya|rendimiento(ton/ha),5,123
2025-03-12,Carmenere,RAUCO,2.496032,2.9090223944472187,mixed,RAUCO,LOFO,GDA|VPD_medio_acum|IFs_acum|peso_baya|rendimiento(ton/ha),5,123
2025-03-18,Carmenere,RAUCO,2.838980375,3.4240925249580605,mixed,RAUCO,LOFO,GDA|VPD_medio_acum|IFs_acum|peso_baya|rendimiento(ton/ha),5,123
2025-04-02,Carmenere,RAUCO,4.27631575,3.738254935972134,mixed,RAUCO,LOFO,GDA|VPD_medio_acum|IFs_acum|peso_baya|rendimiento(ton/ha),5,123
2025-04-17,Carmenere,RAUCO,3.1461814999999995,3.479614396641672,mixed,RAUCO,LOFO,GDA|VPD_medio_acum|IFs_acum|peso_baya|rendimiento(ton/ha),5,123
2025-04-25,Carmenere,RAUCO,3.818784375,3.726676631235322,mixed,RAUCO,LOFO,GDA|VPD_medio_acum|IFs_acum|peso_baya|rendimiento(ton/ha),5,123
2025-05-05,Carmenere,RAUCO,3.42311725,3.55574842763284,mixed,RAUCO,LOFO,GDA|VPD_medio_acum|IFs_acum|peso_baya|rendimiento(ton/ha),5,123
2025-02-27,Cabernet Sauvignon,SAN ADOLFO,1.50448375,2.3557488905625843,mixed,SAN ADOLFO,LOFO,GDA|VPD_medio_acum|IFs_acum|peso_baya|rendimiento(ton/ha),5,123
2025-03-10,Cabernet Sauvignon,SAN ADOLFO,1.847832,2.392127944939899,mixed,SAN ADOLFO,LOFO,GDA|VPD_medio_acum|IFs_acum|peso_baya|rendimiento(ton/ha),5,123
2025-03-17,Cabernet Sauvignon,SAN ADOLFO,2.138346,2.3818159151482323,mixed,SAN ADOLFO,LOFO,GDA|VPD_medio_acum|IFs_acum|peso_baya|rendimiento(ton/ha),5,123
2025-03-24,Cabernet Sauvignon,SAN ADOLFO,1.46993,2.321460055063083,mixed,SAN ADOLFO,LOFO,GDA|VPD_medio_acum|IFs_acum|peso_baya|rendimiento(ton/ha),5,123
2025-03-31,Cabernet Sauvignon,SAN ADOLFO,2.1408345,2.1416400389307446,mixed,SAN ADOLFO,LOFO,GDA|VPD_medio_acum|IFs_acum|peso_baya|rendimiento(ton/ha),5,123
2025-04-07,Cabernet Sauvignon,SAN ADOLFO,1.7882445,2.0965787623435803,mixed,SAN ADOLFO,LOFO,GDA|VPD_medio_acum|IFs_acum|peso_baya|rendimiento(ton/ha),5,123
2025-02-27,Carmenere,VILLA ALEGRE,4.027289000000001,2.56753876978241,mixed,VILLA ALEGRE,LOFO,GDA|VPD_medio_acum|IFs_acum|peso_baya|rendimiento(ton/ha),5,123
2025-03-10,Carmenere,VILLA ALEGRE,5.3456445,3.148709787175024,mixed,VILLA ALEGRE,LOFO,GDA|VPD_medio_acum|IFs_acum|peso_baya|rendimiento(ton/ha),5,123
2025-03-17,Carmenere,VILLA ALEGRE,4.90439775,3.15019905576055,mixed,VILLA ALEGRE,LOFO,GDA|VPD_medio_acum|IFs_acum|peso_baya|rendimiento(ton/ha),5,123
2025-03-24,Carmenere,VILLA ALEGRE,4.65295075,3.1578915276829638,mixed,VILLA ALEGRE,LOFO,GDA|VPD_medio_acum|IFs_acum|peso_baya|rendimiento(ton/ha),5,123
2025-03-31,Carmenere,VILLA ALEGRE,3.801364875,3.2166985079507238,mixed,VILLA ALEGRE,LOFO,GDA|VPD_medio_acum|IFs_acum|peso_baya|rendimiento(ton/ha),5,123
2025-04-04,Carmenere,VILLA ALEGRE,3.446898,2.7706006591348387,mixed,VILLA ALEGRE,LOFO,GDA|VPD_medio_acum|IFs_acum|peso_baya|rendimiento(ton/ha),5,123
2025-02-24,Cabernet Sauvignon,IDAHUE,1.6072245,2.2885912842252636,mixed,IDAHUE,LOFO,GDA|VPD_medio_acum|IFs_acum|peso_baya|rendimiento(ton/ha),5,2026
2025-03-17,Cabernet Sauvignon,IDAHUE,1.74895,2.3691814995170692,mixed,IDAHUE,LOFO,GDA|VPD_medio_acum|IFs_acum|peso_baya|rendimiento(ton/ha),5,2026
2025-03-21,Cabernet Sauvignon,IDAHUE,1.7799993749999998,2.4979214828629646,mixed,IDAHUE,LOFO,GDA|VPD_medio_acum|IFs_acum|peso_baya|rendimiento(ton/ha),5,2026
2025-03-28,Cabernet Sauvignon,IDAHUE,1.4793975,2.2373738898874715,mixed,IDAHUE,LOFO,GDA|VPD_medio_acum|IFs_acum|peso_baya|rendimiento(ton/ha),5,2026
2025-04-04,Cabernet Sauvignon,IDAHUE,1.3630925,2.2736747268692636,mixed,IDAHUE,LOFO,GDA|VPD_medio_acum|IFs_acum|peso_baya|rendimiento(ton/ha),5,2026
2025-04-11,Cabernet Sauvignon,IDAHUE,1.743721875,2.3703775217798824,mixed,IDAHUE,LOFO,GDA|VPD_medio_acum|IFs_acum|peso_baya|rendimiento(ton/ha),5,2026
2025-02-27,Cabernet Sauvignon,KEULE,2.12333275,1.7568738565519744,mixed,KEULE,LOFO,GDA|VPD_medio_acum|IFs_acum|peso_baya|rendimiento(ton/ha),5,2026
2025-03-10,Cabernet Sauvignon,KEULE,2.545767,1.7715021890841505,mixed,KEULE,LOFO,GDA|VPD_medio_acum|IFs_acum|peso_baya|rendimiento(ton/ha),5,2026
2025-03-19,Cabernet Sauvignon,KEULE,2.50231275,2.0058791219736243,mixed,KEULE,LOFO,GDA|VPD_medio_acum|IFs_acum|peso_baya|rendimiento(ton/ha),5,2026
2025-03-26,Cabernet Sauvignon,KEULE,1.99232075,1.9280803231757029,mixed,KEULE,LOFO,GDA|VPD_medio_acum|IFs_acum|peso_baya|rendimiento(ton/ha),5,2026
2025-04-02,Cabernet Sauvignon,KEULE,2.392560625,1.7451790490234067,mixed,KEULE,LOFO,GDA|VPD_medio_acum|IFs_acum|peso_baya|rendimiento(ton/ha),5,2026
2025-04-10,Cabernet Sauvignon,KEULE,2.677460625,1.928752208246281,mixed,KEULE,LOFO,GDA|VPD_medio_acum|IFs_acum|peso_baya|rendimiento(ton/ha),5,2026
2025-03-11,Cabernet Sauvignon,LOURDES,2.2381852500000003,2.9533922918956814,mixed,LOURDES,LOFO,GDA|VPD_medio_acum|IFs_acum|peso_baya|rendimiento(ton/ha),5,2026
2025-03-17,Cabernet Sauvignon,LOURDES,2.086401625,2.7941435642319195,mixed,LOURDES,LOFO,GDA|VPD_medio_acum|IFs_acum|peso_baya|rendimiento(ton/ha),5,2026
2025-03-24,Cabernet Sauvignon,LOURDES,2.21774875,2.875923680595047,mixed,LOURDES,LOFO,GDA|VPD_medio_acum|IFs_acum|peso_baya|rendimiento(ton/ha),5,2026
2025-03-31,Cabernet Sauvignon,LOURDES,2.2092262500000004,3.15858365845016,mixed,LOURDES,LOFO,GDA|VPD_medio_acum|IFs_acum|peso_baya|rendimiento(ton/ha),5,2026
2025-04-07,Cabernet Sauvignon,LOURDES,2.29845,2.7147951072262297,mixed,LOURDES,LOFO,GDA|VPD_medio_acum|IFs_acum|peso_baya|rendimiento(ton/ha),5,2026
2025-03-04,Carmenere,LOURDES,2.9536290000000003,3.7009517982538176,mixed,LOURDES,LOFO,GDA|VPD_medio_acum|IFs_acum|peso_baya|rendimiento(ton/ha),5,2026
2025-03-11,Carmenere,LOURDES,3.1210410000000004,3.7085688564101726,mixed,LOURDES,LOFO,GDA|VPD_medio_acum|IFs_acum|peso_baya|rendimiento(ton/ha),5,2026
2025-03-18,Carmenere,LOURDES,3.59898,3.696492817529114,mixed,LOURDES,LOFO,GDA|VPD_medio_acum|IFs_acum|peso_baya|rendimiento(ton/ha),5,2026
2025-03-25,Carmenere,LOURDES,2.9711535,3.8016982538999717,mixed,LOURDES,LOFO,GDA|VPD_medio_acum|IFs_acum|peso_baya|rendimiento(ton/ha),5,2026
2025-04-01,Carmenere,LOURDES,3.011736,2.897082577434212,mixed,LOURDES,LOFO,GDA|VPD_medio_acum|IFs_acum|peso_baya|rendimiento(ton/ha),5,2026
2025-04-15,Carmenere,LOURDES,2.263086,3.441053960989105,mixed,LOURDES,LOFO,GDA|VPD_medio_acum|IFs_acum|peso_baya|rendimiento(ton/ha),5,2026
2025-03-18,Cabernet Sauvignon,NILAHUE,3.744678,2.9785083741499294,mixed,NILAHUE,LOFO,GDA|VPD_medio_acum|IFs_acum|peso_baya|rendimiento(ton/ha),5,2026
2025-03-26,Cabernet Sauvignon,NILAHUE,3.0842805,2.985877828506645,mixed,NILAHUE,LOFO,GDA|VPD_medio_acum|IFs_acum|peso_baya|rendimiento(ton/ha),5,2026
2025-04-01,Cabernet Sauvignon,NILAHUE,3.3433741249999995,3.657838066116261,mixed,NILAHUE,LOFO,GDA|VPD_medio_acum|IFs_acum|peso_baya|rendimiento(ton/ha),5,2026
2025-04-08,Cabernet Sauvignon,NILAHUE,2.61576875,2.9634977812241203,mixed,NILAHUE,LOFO,GDA|VPD_medio_acum|IFs_acum|peso_baya|rendimiento(ton/ha),5,2026
2025-04-15,Cabernet Sauvignon,NILAHUE,2.464182,2.695974536619767,mixed,NILAHUE,LOFO,GDA|VPD_medio_acum|IFs_acum|peso_baya|rendimiento(ton/ha),5,2026
2025-04-30,Cabernet Sauvignon,NILAHUE,2.486019375,2.955388562720648,mixed,NILAHUE,LOFO,GDA|VPD_medio_acum|IFs_acum|peso_baya|rendimiento(ton/ha),5,2026
2025-03-11,Carmenere,PALO SANTO,3.171672,2.7419154559040044,mixed,PALO SANTO,LOFO,GDA|VPD_medio_acum|IFs_acum|peso_baya|rendimiento(ton/ha),5,2026
2025-03-19,Carmenere,PALO SANTO,4.07652,2.992788930157219,mixed,PALO SANTO,LOFO,GDA|VPD_medio_acum|IFs_acum|peso_baya|rendimiento(ton/ha),5,2026
2025-04-01,Carmenere,PALO SANTO,4.044547499999999,2.7825860501004938,mixed,PALO SANTO,LOFO,GDA|VPD_medio_acum|IFs_acum|peso_baya|rendimiento(ton/ha),5,2026
2025-04-15,Carmenere,PALO SANTO,3.920361375,2.7803138935445495,mixed,PALO SANTO,LOFO,GDA|VPD_medio_acum|IFs_acum|peso_baya|rendimiento(ton/ha),5,2026
2025-04-30,Carmenere,PALO SANTO,4.08499,2.8293164094492163,mixed,PALO SANTO,LOFO,GDA|VPD_medio_acum|IFs_acum|peso_baya|rendimiento(ton/ha),5,2026
2025-05-13,Carmenere,PALO SANTO,3.38773575,2.7238104734170863,mixed,PALO SANTO,LOFO,GDA|VPD_medio_acum|IFs_acum|peso_baya|rendimiento(ton/ha),5,2026
2025-03-17,Carmenere,PEUMO,2.606373,3.0145337476607548,mixed,PEUMO,LOFO,GDA|VPD_medio_acum|IFs_acum|peso_baya|rendimiento(ton/ha),5,2026
2025-03-25,Carmenere,PEUMO,2.605603,3.089387681117554,mixed,PEUMO,LOFO,GDA|VPD_medio_acum|IFs_acum|peso_baya|rendimiento(ton/ha),5,2026
2025-04-03,Carmenere,PEUMO,3.3828375000000004,3.1784316113807978,mixed,PEUMO,LOFO,GDA|VPD_medio_acum|IFs_acum|peso_baya|rendimiento(ton/ha),5,2026
2025-04-17,Carmenere,PEUMO,2.44161225,2.7549386408984993,mixed,PEUMO,LOFO,GDA|VPD_medio_acum|IFs_acum|peso_baya|rendimiento(ton/ha),5,2026
2025-04-30,Carmenere,PEUMO,2.3923243749999994,2.995929265107865,mixed,PEUMO,LOFO,GDA|VPD_medio_acum|IFs_acum|peso_baya|rendimiento(ton/ha),5,2026
2025-05-06,Carmenere,PEUMO,3.641127,3.158258968452654,mixed,PEUMO,LOFO,GDA|VPD_medio_acum|IFs_acum|peso_baya|rendimiento(ton/ha),5,2026
2025-03-05,Cabernet Sauvignon,QUEBRADA DE AGUA,2.79048,3.361785669544615,mixed,QUEBRADA DE AGUA,LOFO,GDA|VPD_medio_acum|IFs_acum|peso_baya|rendimiento(ton/ha),5,2026
2025-03-12,Cabernet Sauvignon,QUEBRADA DE AGUA,2.6010425,3.090060463326847,mixed,QUEBRADA DE AGUA,LOFO,GDA|VPD_medio_acum|IFs_acum|peso_baya|rendimiento(ton/ha),5,2026
2025-03-19,Cabernet Sauvignon,QUEBRADA DE AGUA,3.1299975,2.9199254247275426,mixed,QUEBRADA DE AGUA,LOFO,GDA|VPD_medio_acum|IFs_acum|peso_baya|rendimiento(ton/ha),5,2026
2025-03-27,Cabernet Sauvignon,QUEBRADA DE AGUA,2.641786875,2.6799562196862854,mixed,QUEBRADA DE AGUA,LOFO,GDA|VPD_medio_acum|IFs_acum|peso_baya|rendimiento(ton/ha),5,2026
2025-04-03,Cabernet Sauvignon,QUEBRADA DE AGUA,2.113097,2.3732589911141764,mixed,QUEBRADA DE AGUA,LOFO,GDA|VPD_medio_acum|IFs_acum|peso_baya|rendimiento(ton/ha),5,2026
2025-04-10,Cabernet Sauvignon,QUEBRADA DE AGUA,2.502038,2.7727827793646647,mixed,QUEBRADA DE AGUA,LOFO,GDA|VPD_medio_acum|IFs_acum|peso_baya|rendimiento(ton/ha),5,2026
2025-03-10,Carmenere,QUINTA MAIPO,2.46619975,2.4506320483464377,mixed,QUINTA MAIPO,LOFO,GDA|VPD_medio_acum|IFs_acum|peso_baya|rendimiento(ton/ha),5,2026
2025-03-17,Carmenere,QUINTA MAIPO,3.156531,3.5169964729477186,mixed,QUINTA MAIPO,LOFO,GDA|VPD_medio_acum|IFs_acum|peso_baya|rendimiento(ton/ha),5,2026
2025-04-07,Carmenere,QUINTA MAIPO,3.520391875,3.704369379666723,mixed,QUINTA MAIPO,LOFO,GDA|VPD_medio_acum|IFs_acum|peso_baya|rendimiento(ton/ha),5,2026
2025-04-14,Carmenere,QUINTA MAIPO,2.9872885,3.1247947224782644,mixed,QUINTA MAIPO,LOFO,GDA|VPD_medio_acum|IFs_acum|peso_baya|rendimiento(ton/ha),5,2026
2025-04-22,Carmenere,QUINTA MAIPO,3.0813037500000005,3.46642781634791,mixed,QUINTA MAIPO,LOFO,GDA|VPD_medio_acum|IFs_acum|peso_baya|rendimiento(ton/ha),5,2026
2025-05-05,Carmenere,QUINTA MAIPO,3.05628225,3.595764095358474,mixed,QUINTA MAIPO,LOFO,GDA|VPD_medio_acum|IFs_acum|peso_baya|rendimiento(ton/ha),5,2026
2025-03-12,Carmenere,RAUCO,2.496032,2.868058659145089,mixed,RAUCO,LOFO,GDA|VPD_medio_acum|IFs_acum|peso_baya|rendimiento(ton/ha),5,2026
2025-03-18,Carmenere,RAUCO,2.838980375,3.353648889885237,mixed,RAUCO,LOFO,GDA|VPD_medio_acum|IFs_acum|peso_baya|rendimiento(ton/ha),5,2026
2025-04-02,Carmenere,RAUCO,4.27631575,3.704902490305052,mixed,RAUCO,LOFO,GDA|VPD_medio_acum|IFs_acum|peso_baya|rendimiento(ton/ha),5,2026
2025-04-17,Carmenere,RAUCO,3.1461814999999995,3.368572305011218,mixed,RAUCO,LOFO,GDA|VPD_medio_acum|IFs_acum|peso_baya|rendimiento(ton/ha),5,2026
2025-04-25,Carmenere,RAUCO,3.818784375,3.6797253870111772,mixed,RAUCO,LOFO,GDA|VPD_medio_acum|IFs_acum|peso_baya|rendimiento(ton/ha),5,2026
2025-05-05,Carmenere,RAUCO,3.42311725,3.4198789252138937,mixed,RAUCO,LOFO,GDA|VPD_medio_acum|IFs_acum|peso_baya|rendimiento(ton/ha),5,2026
2025-02-27,Cabernet Sauvignon,SAN ADOLFO,1.50448375,2.424239446299419,mixed,SAN ADOLFO,LOFO,GDA|VPD_medio_acum|IFs_acum|peso_baya|rendimiento(ton/ha),5,2026
2025-03-10,Cabernet Sauvignon,SAN ADOLFO,1.847832,2.422037187200712,mixed,SAN ADOLFO,LOFO,GDA|VPD_medio_acum|IFs_acum|peso_baya|rendimiento(ton/ha),5,2026
2025-03-17,Cabernet Sauvignon,SAN ADOLFO,2.138346,2.4196911486590453,mixed,SAN ADOLFO,LOFO,GDA|VPD_medio_acum|IFs_acum|peso_baya|rendimiento(ton/ha),5,2026
2025-03-24,Cabernet Sauvignon,SAN ADOLFO,1.46993,2.3373019236079386,mixed,SAN ADOLFO,LOFO,GDA|VPD_medio_acum|IFs_acum|peso_baya|rendimiento(ton/ha),5,2026
2025-03-31,Cabernet Sauvignon,SAN ADOLFO,2.1408345,2.199080814405425,mixed,SAN ADOLFO,LOFO,GDA|VPD_medio_acum|IFs_acum|peso_baya|rendimiento(ton/ha),5,2026
2025-04-07,Cabernet Sauvignon,SAN ADOLFO,1.7882445,2.125310115332508,mixed,SAN ADOLFO,LOFO,GDA|VPD_medio_acum|IFs_acum|peso_baya|rendimiento(ton/ha),5,2026
2025-02-27,Carmenere,VILLA ALEGRE,4.027289000000001,2.573799765711841,mixed,VILLA ALEGRE,LOFO,GDA|VPD_medio_acum|IFs_acum|peso_baya|rendimiento(ton/ha),5,2026
2025-03-10,Carmenere,VILLA ALEGRE,5.3456445,3.1487590492237945,mixed,VILLA ALEGRE,LOFO,GDA|VPD_medio_acum|IFs_acum|peso_baya|rendimiento(ton/ha),5,2026
2025-03-17,Carmenere,VILLA ALEGRE,4.90439775,3.1568530458754873,mixed,VILLA ALEGRE,LOFO,GDA|VPD_medio_acum|IFs_acum|peso_baya|rendimiento(ton/ha),5,2026
2025-03-24,Carmenere,VILLA ALEGRE,4.65295075,3.1822459062331965,mixed,VILLA ALEGRE,LOFO,GDA|VPD_medio_acum|IFs_acum|peso_baya|rendimiento(ton/ha),5,2026
2025-03-31,Carmenere,VILLA ALEGRE,3.801364875,3.2383800098405198,mixed,VILLA ALEGRE,LOFO,GDA|VPD_medio_acum|IFs_acum|peso_baya|rendimiento(ton/ha),5,2026
2025-04-04,Carmenere,VILLA ALEGRE,3.446898,2.7536164185400236,mixed,VILLA ALEGRE,LOFO,GDA|VPD_medio_acum|IFs_acum|peso_baya|rendimiento(ton/ha),5,2026
