fecha,variedad,fundo,antocianinas(mg/baya),prediction,subset,split_id,method,predictors,n_predictors
2025-03-11,Cabernet Sauvignon,LOURDES,2.2381852500000003,2.596254110336304,mixed,1,CV5,GDA,1
2025-03-17,Cabernet Sauvignon,LOURDES,2.086401625,2.596254110336304,mixed,1,CV5,GDA,1
2025-04-07,Cabernet Sauvignon,LOURDES,2.29845,3.142075538635254,mixed,1,CV5,GDA,1
2025-03-26,Cabernet Sauvignon,NILAHUE,3.0842805,2.145249128341675,mixed,1,CV5,GDA,1
2025-04-01,Cabernet Sauvignon,NILAHUE,3.3433741249999995,2.145249128341675,mixed,1,CV5,GDA,1
2025-04-15,Cabernet Sauvignon,NILAHUE,2.464182,2.596254110336304,mixed,1,CV5,GDA,1
2025-02-27,Cabernet Sauvignon,SAN ADOLFO,1.50448375,2.596254110336304,mixed,1,CV5,GDA,1
2025-03-18,Carmenere,LOURDES,3.59898,2.596254110336304,mixed,1,CV5,GDA,1
2025-03-19,Carmenere,PALO SANTO,4.07652,2.596254110336304,mixed,1,CV5,GDA,1
2025-03-25,Carmenere,PEUMO,2.605603,3.142075538635254,mixed,1,CV5,GDA,1
2025-05-06,Carmenere,PEUMO,3.641127,3.142075538635254,mixed,1,CV5,GDA,1
2025-04-22,Carmenere,QUINTA MAIPO,3.0813037500000005,3.142075538635254,mixed,1,CV5,GDA,1
2025-05-05,Carmenere,RAUCO,3.42311725,3.142075538635254,mixed,1,CV5,GDA,1
2025-03-31,Carmenere,VILLA ALEGRE,3.801364875,3.142075538635254,mixed,1,CV5,GDA,1
2025-04-04,Carmenere,VILLA ALEGRE,3.446898,3.142075538635254,mixed,1,CV5,GDA,1
2025-03-17,Cabernet Sauvignon,IDAHUE,1.74895,2.4804224967956543,mixed,2,CV5,GDA,1
2025-03-10,Cabernet Sauvignon,KEULE,2.545767,2.247000217437744,mixed,2,CV5,GDA,1
2025-03-19,Cabernet Sauvignon,KEULE,2.50231275,2.340021133422852,mixed,2,CV5,GDA,1
2025-04-02,Cabernet Sauvignon,KEULE,2.392560625,2.44245982170105,mixed,2,CV5,GDA,1
2025-03-18,Cabernet Sauvignon,NILAHUE,3.744678,2.229727268218994,mixed,2,CV5,GDA,1
2025-03-19,Cabernet Sauvignon,QUEBRADA DE AGUA,3.1299975,2.4575886726379395,mixed,2,CV5,GDA,1
2025-03-24,Cabernet Sauvignon,SAN ADOLFO,1.46993,2.8622140884399414,mixed,2,CV5,GDA,1
2025-03-25,Carmenere,LOURDES,2.9711535,2.4957597255706787,mixed,2,CV5,GDA,1
2025-03-11,Carmenere,PALO SANTO,3.171672,2.36999249458313,mixed,2,CV5,GDA,1
2025-04-15,Carmenere,PALO SANTO,3.920361375,2.806691169738769,mixed,2,CV5,GDA,1
2025-03-10,Carmenere,QUINTA MAIPO,2.46619975,2.494971752166748,mixed,2,CV5,GDA,1
2025-04-07,Carmenere,QUINTA MAIPO,3.520391875,2.9173715114593506,mixed,2,CV5,GDA,1
2025-04-02,Carmenere,RAUCO,4.27631575,2.878953456878662,mixed,2,CV5,GDA,1
2025-03-17,Carmenere,VILLA ALEGRE,4.90439775,2.805126667022705,mixed,2,CV5,GDA,1
2025-04-04,Cabernet Sauvignon,IDAHUE,1.3630925,2.877793312072754,mixed,3,CV5,GDA,1
2025-02-27,Cabernet Sauvignon,KEULE,2.12333275,2.173491716384888,mixed,3,CV5,GDA,1
2025-03-26,Cabernet Sauvignon,KEULE,1.99232075,2.4608798027038574,mixed,3,CV5,GDA,1
2025-03-24,Cabernet Sauvignon,LOURDES,2.21774875,2.5566625595092773,mixed,3,CV5,GDA,1
2025-04-03,Cabernet Sauvignon,QUEBRADA DE AGUA,2.113097,2.889079093933105,mixed,3,CV5,GDA,1
2025-03-10,Cabernet Sauvignon,SAN ADOLFO,1.847832,2.4341886043548584,mixed,3,CV5,GDA,1
2025-03-31,Cabernet Sauvignon,SAN ADOLFO,2.1408345,3.009420394897461,mixed,3,CV5,GDA,1
2025-03-04,Carmenere,LOURDES,2.9536290000000003,2.350153684616089,mixed,3,CV5,GDA,1
2025-03-11,Carmenere,LOURDES,3.1210410000000004,2.429253101348877,mixed,3,CV5,GDA,1
2025-04-15,Carmenere,LOURDES,2.263086,2.875357389450073,mixed,3,CV5,GDA,1
2025-04-01,Carmenere,PALO SANTO,4.044547499999999,2.4084348678588867,mixed,3,CV5,GDA,1
2025-04-14,Carmenere,QUINTA MAIPO,2.9872885,3.070197582244873,mixed,3,CV5,GDA,1
2025-02-27,Carmenere,VILLA ALEGRE,4.027289000000001,2.5118141174316406,mixed,3,CV5,GDA,1
2025-03-24,Carmenere,VILLA ALEGRE,4.65295075,2.96902847290039,mixed,3,CV5,GDA,1
2025-02-24,Cabernet Sauvignon,IDAHUE,1.6072245,2.2688634395599365,mixed,4,CV5,GDA,1
2025-03-21,Cabernet Sauvignon,IDAHUE,1.7799993749999998,2.5603902339935303,mixed,4,CV5,GDA,1
2025-03-28,Cabernet Sauvignon,IDAHUE,1.4793975,2.601869821548462,mixed,4,CV5,GDA,1
2025-03-31,Cabernet Sauvignon,LOURDES,2.2092262500000004,2.582183837890625,mixed,4,CV5,GDA,1
2025-03-05,Cabernet Sauvignon,QUEBRADA DE AGUA,2.79048,2.4407780170440674,mixed,4,CV5,GDA,1
2025-03-27,Cabernet Sauvignon,QUEBRADA DE AGUA,2.641786875,2.5606911182403564,mixed,4,CV5,GDA,1
2025-04-10,Cabernet Sauvignon,QUEBRADA DE AGUA,2.502038,2.9591739177703857,mixed,4,CV5,GDA,1
2025-04-01,Carmenere,LOURDES,3.011736,2.586682081222534,mixed,4,CV5,GDA,1
2025-04-30,Carmenere,PALO SANTO,4.08499,2.987154722213745,mixed,4,CV5,GDA,1
2025-05-13,Carmenere,PALO SANTO,3.38773575,3.067724704742432,mixed,4,CV5,GDA,1
2025-04-03,Carmenere,PEUMO,3.3828375000000004,3.134749174118042,mixed,4,CV5,GDA,1
2025-04-30,Carmenere,PEUMO,2.3923243749999994,3.415503978729248,mixed,4,CV5,GDA,1
2025-04-17,Carmenere,RAUCO,3.1461814999999995,3.0457746982574463,mixed,4,CV5,GDA,1
2025-04-25,Carmenere,RAUCO,3.818784375,3.114326477050781,mixed,4,CV5,GDA,1
2025-04-11,Cabernet Sauvignon,IDAHUE,1.743721875,2.824125051498413,mixed,5,CV5,GDA,1
2025-04-10,Cabernet Sauvignon,KEULE,2.677460625,2.7054009437561035,mixed,5,CV5,GDA,1
2025-04-08,Cabernet Sauvignon,NILAHUE,2.61576875,2.57427978515625,mixed,5,CV5,GDA,1
2025-04-30,Cabernet Sauvignon,NILAHUE,2.486019375,2.732909202575684,mixed,5,CV5,GDA,1
2025-03-12,Cabernet Sauvignon,QUEBRADA DE AGUA,2.6010425,2.6843066215515137,mixed,5,CV5,GDA,1
2025-03-17,Cabernet Sauvignon,SAN ADOLFO,2.138346,2.838749408721924,mixed,5,CV5,GDA,1
2025-04-07,Cabernet Sauvignon,SAN ADOLFO,1.7882445,3.314869880676269,mixed,5,CV5,GDA,1
2025-03-17,Carmenere,PEUMO,2.606373,1.3168355226516724,mixed,5,CV5,GDA,1
2025-04-17,Carmenere,PEUMO,2.44161225,3.488665580749512,mixed,5,CV5,GDA,1
2025-03-17,Carmenere,QUINTA MAIPO,3.156531,2.805612802505493,mixed,5,CV5,GDA,1
2025-05-05,Carmenere,QUINTA MAIPO,3.05628225,3.429936408996582,mixed,5,CV5,GDA,1
2025-03-12,Carmenere,RAUCO,2.496032,2.76607084274292,mixed,5,CV5,GDA,1
2025-03-18,Carmenere,RAUCO,2.838980375,2.824972629547119,mixed,5,CV5,GDA,1
2025-03-10,Carmenere,VILLA ALEGRE,5.3456445,2.8024098873138428,mixed,5,CV5,GDA,1
