fecha,variedad,fundo,Cianidina-3-O-glucósido(mgEqMv/Kg),prediction,subset,split_id,method,predictors,n_predictors,seed
2025-03-21,Cabernet Sauvignon,IDAHUE,7.289172407329165,13.404961094780516,mixed,1,CV5,GDA|VPD_medio_acum|IFs_acum|azucar_real_baya_g,4,42
2025-03-28,Cabernet Sauvignon,IDAHUE,6.857386348829579,12.230071219943673,mixed,1,CV5,GDA|VPD_medio_acum|IFs_acum|azucar_real_baya_g,4,42
2025-03-17,Cabernet Sauvignon,LOURDES,14.99435615567344,13.038223170362079,mixed,1,CV5,GDA|VPD_medio_acum|IFs_acum|azucar_real_baya_g,4,42
2025-04-15,Cabernet Sauvignon,NILAHUE,20.44998500052518,19.023667777226855,mixed,1,CV5,GDA|VPD_medio_acum|IFs_acum|azucar_real_baya_g,4,42
2025-04-03,Carmenere,PEUMO,12.34997139700528,13.621776494242194,mixed,1,CV5,GDA|VPD_medio_acum|IFs_acum|azucar_real_baya_g,4,42
2025-03-31,Carmenere,VILLA ALEGRE,15.3768705810109,14.04481795353936,mixed,1,CV5,GDA|VPD_medio_acum|IFs_acum|azucar_real_baya_g,4,42
2025-04-04,Cabernet Sauvignon,IDAHUE,6.572009907321235,9.643216917107623,mixed,2,CV5,GDA|VPD_medio_acum|IFs_acum|azucar_real_baya_g,4,42
2025-03-31,Cabernet Sauvignon,LOURDES,12.04463102163773,13.266997936352768,mixed,2,CV5,GDA|VPD_medio_acum|IFs_acum|azucar_real_baya_g,4,42
2025-04-30,Cabernet Sauvignon,NILAHUE,20.17169197589698,18.51698177448581,mixed,2,CV5,GDA|VPD_medio_acum|IFs_acum|azucar_real_baya_g,4,42
2025-03-25,Carmenere,LOURDES,8.839945013607045,12.233426928366574,mixed,2,CV5,GDA|VPD_medio_acum|IFs_acum|azucar_real_baya_g,4,42
2025-04-30,Carmenere,PEUMO,10.03302489505644,11.923200846635636,mixed,2,CV5,GDA|VPD_medio_acum|IFs_acum|azucar_real_baya_g,4,42
2025-04-04,Carmenere,VILLA ALEGRE,12.63266367459438,12.99616270267588,mixed,2,CV5,GDA|VPD_medio_acum|IFs_acum|azucar_real_baya_g,4,42
2025-04-02,Cabernet Sauvignon,KEULE,18.34216783130202,11.987915077655815,mixed,3,CV5,GDA|VPD_medio_acum|IFs_acum|azucar_real_baya_g,4,42
2025-04-10,Cabernet Sauvignon,KEULE,18.158516988964,12.982848544069675,mixed,3,CV5,GDA|VPD_medio_acum|IFs_acum|azucar_real_baya_g,4,42
2025-04-07,Cabernet Sauvignon,LOURDES,11.51228919348757,14.1339775271558,mixed,3,CV5,GDA|VPD_medio_acum|IFs_acum|azucar_real_baya_g,4,42
2025-04-15,Carmenere,LOURDES,7.735229394588683,13.571461641044694,mixed,3,CV5,GDA|VPD_medio_acum|IFs_acum|azucar_real_baya_g,4,42
2025-03-17,Carmenere,VILLA ALEGRE,15.82470214016902,12.449147850886648,mixed,3,CV5,GDA|VPD_medio_acum|IFs_acum|azucar_real_baya_g,4,42
2025-03-24,Carmenere,VILLA ALEGRE,17.75126017359346,12.674098473427588,mixed,3,CV5,GDA|VPD_medio_acum|IFs_acum|azucar_real_baya_g,4,42
2025-03-26,Cabernet Sauvignon,KEULE,13.00879856352544,14.482761377398665,mixed,4,CV5,GDA|VPD_medio_acum|IFs_acum|azucar_real_baya_g,4,42
2025-04-01,Cabernet Sauvignon,NILAHUE,15.8727940300019,19.005611711010538,mixed,4,CV5,GDA|VPD_medio_acum|IFs_acum|azucar_real_baya_g,4,42
2025-04-08,Cabernet Sauvignon,NILAHUE,21.46776394567897,19.11651981209174,mixed,4,CV5,GDA|VPD_medio_acum|IFs_acum|azucar_real_baya_g,4,42
2025-03-18,Carmenere,LOURDES,8.223551430153714,13.991764866296462,mixed,4,CV5,GDA|VPD_medio_acum|IFs_acum|azucar_real_baya_g,4,42
2025-04-01,Carmenere,LOURDES,17.38341818630025,10.843653010567836,mixed,4,CV5,GDA|VPD_medio_acum|IFs_acum|azucar_real_baya_g,4,42
2025-04-11,Cabernet Sauvignon,IDAHUE,7.310494533088405,9.759196863445707,mixed,5,CV5,GDA|VPD_medio_acum|IFs_acum|azucar_real_baya_g,4,42
2025-03-19,Cabernet Sauvignon,KEULE,14.66503179669876,14.083962671146782,mixed,5,CV5,GDA|VPD_medio_acum|IFs_acum|azucar_real_baya_g,4,42
2025-03-24,Cabernet Sauvignon,LOURDES,12.68354382334615,11.521719790701807,mixed,5,CV5,GDA|VPD_medio_acum|IFs_acum|azucar_real_baya_g,4,42
2025-04-17,Carmenere,PEUMO,13.62683288244926,11.701719992231313,mixed,5,CV5,GDA|VPD_medio_acum|IFs_acum|azucar_real_baya_g,4,42
2025-05-06,Carmenere,PEUMO,10.9788816308173,11.336410440877543,mixed,5,CV5,GDA|VPD_medio_acum|IFs_acum|azucar_real_baya_g,4,42
2025-04-11,Cabernet Sauvignon,IDAHUE,7.310494533088405,10.622532009093668,mixed,1,CV5,GDA|VPD_medio_acum|IFs_acum|azucar_real_baya_g,4,123
2025-03-17,Cabernet Sauvignon,LOURDES,14.99435615567344,11.936175839335124,mixed,1,CV5,GDA|VPD_medio_acum|IFs_acum|azucar_real_baya_g,4,123
2025-03-24,Cabernet Sauvignon,LOURDES,12.68354382334615,12.196227171017245,mixed,1,CV5,GDA|VPD_medio_acum|IFs_acum|azucar_real_baya_g,4,123
2025-04-08,Cabernet Sauvignon,NILAHUE,21.46776394567897,17.83531783499428,mixed,1,CV5,GDA|VPD_medio_acum|IFs_acum|azucar_real_baya_g,4,123
2025-03-25,Carmenere,LOURDES,8.839945013607045,11.843694569789987,mixed,1,CV5,GDA|VPD_medio_acum|IFs_acum|azucar_real_baya_g,4,123
2025-03-31,Carmenere,VILLA ALEGRE,15.3768705810109,12.555403700434395,mixed,1,CV5,GDA|VPD_medio_acum|IFs_acum|azucar_real_baya_g,4,123
2025-04-04,Cabernet Sauvignon,IDAHUE,6.572009907321235,8.946725210432772,mixed,2,CV5,GDA|VPD_medio_acum|IFs_acum|azucar_real_baya_g,4,123
2025-03-19,Cabernet Sauvignon,KEULE,14.66503179669876,14.31467124983613,mixed,2,CV5,GDA|VPD_medio_acum|IFs_acum|azucar_real_baya_g,4,123
2025-03-31,Cabernet Sauvignon,LOURDES,12.04463102163773,13.188079082894424,mixed,2,CV5,GDA|VPD_medio_acum|IFs_acum|azucar_real_baya_g,4,123
2025-03-18,Carmenere,LOURDES,8.223551430153714,13.32550570345716,mixed,2,CV5,GDA|VPD_medio_acum|IFs_acum|azucar_real_baya_g,4,123
2025-04-17,Carmenere,PEUMO,13.62683288244926,11.755411238212032,mixed,2,CV5,GDA|VPD_medio_acum|IFs_acum|azucar_real_baya_g,4,123
2025-03-17,Carmenere,VILLA ALEGRE,15.82470214016902,14.655560892121606,mixed,2,CV5,GDA|VPD_medio_acum|IFs_acum|azucar_real_baya_g,4,123
2025-03-21,Cabernet Sauvignon,IDAHUE,7.289172407329165,11.764463023373054,mixed,3,CV5,GDA|VPD_medio_acum|IFs_acum|azucar_real_baya_g,4,123
2025-03-26,Cabernet Sauvignon,KEULE,13.00879856352544,12.95563875131196,mixed,3,CV5,GDA|VPD_medio_acum|IFs_acum|azucar_real_baya_g,4,123
2025-04-02,Cabernet Sauvignon,KEULE,18.34216783130202,15.12883541245655,mixed,3,CV5,GDA|VPD_medio_acum|IFs_acum|azucar_real_baya_g,4,123
2025-04-15,Carmenere,LOURDES,7.735229394588683,13.414221732661986,mixed,3,CV5,GDA|VPD_medio_acum|IFs_acum|azucar_real_baya_g,4,123
2025-04-30,Carmenere,PEUMO,10.03302489505644,11.234609725212351,mixed,3,CV5,GDA|VPD_medio_acum|IFs_acum|azucar_real_baya_g,4,123
2025-05-06,Carmenere,PEUMO,10.9788816308173,10.961864061414834,mixed,3,CV5,GDA|VPD_medio_acum|IFs_acum|azucar_real_baya_g,4,123
2025-03-28,Cabernet Sauvignon,IDAHUE,6.857386348829579,11.01046766649186,mixed,4,CV5,GDA|VPD_medio_acum|IFs_acum|azucar_real_baya_g,4,123
2025-04-10,Cabernet Sauvignon,KEULE,18.158516988964,15.55284773902799,mixed,4,CV5,GDA|VPD_medio_acum|IFs_acum|azucar_real_baya_g,4,123
2025-04-01,Cabernet Sauvignon,NILAHUE,15.8727940300019,20.616067551463303,mixed,4,CV5,GDA|VPD_medio_acum|IFs_acum|azucar_real_baya_g,4,123
2025-04-01,Carmenere,LOURDES,17.38341818630025,10.581760886070427,mixed,4,CV5,GDA|VPD_medio_acum|IFs_acum|azucar_real_baya_g,4,123
2025-04-04,Carmenere,VILLA ALEGRE,12.63266367459438,12.673326812790014,mixed,4,CV5,GDA|VPD_medio_acum|IFs_acum|azucar_real_baya_g,4,123
2025-04-07,Cabernet Sauvignon,LOURDES,11.51228919348757,12.864145778611196,mixed,5,CV5,GDA|VPD_medio_acum|IFs_acum|azucar_real_baya_g,4,123
2025-04-15,Cabernet Sauvignon,NILAHUE,20.44998500052518,18.352699750682802,mixed,5,CV5,GDA|VPD_medio_acum|IFs_acum|azucar_real_baya_g,4,123
2025-04-30,Cabernet Sauvignon,NILAHUE,20.17169197589698,16.825244173863783,mixed,5,CV5,GDA|VPD_medio_acum|IFs_acum|azucar_real_baya_g,4,123
2025-04-03,Carmenere,PEUMO,12.34997139700528,12.307481504498849,mixed,5,CV5,GDA|VPD_medio_acum|IFs_acum|azucar_real_baya_g,4,123
2025-03-24,Carmenere,VILLA ALEGRE,17.75126017359346,13.144741489406892,mixed,5,CV5,GDA|VPD_medio_acum|IFs_acum|azucar_real_baya_g,4,123
2025-03-19,Cabernet Sauvignon,KEULE,14.66503179669876,13.573069676240532,mixed,1,CV5,GDA|VPD_medio_acum|IFs_acum|azucar_real_baya_g,4,2026
2025-03-17,Cabernet Sauvignon,LOURDES,14.99435615567344,12.04047328276081,mixed,1,CV5,GDA|VPD_medio_acum|IFs_acum|azucar_real_baya_g,4,2026
2025-03-31,Cabernet Sauvignon,LOURDES,12.04463102163773,13.096350778116847,mixed,1,CV5,GDA|VPD_medio_acum|IFs_acum|azucar_real_baya_g,4,2026
2025-04-30,Cabernet Sauvignon,NILAHUE,20.17169197589698,18.50995517905146,mixed,1,CV5,GDA|VPD_medio_acum|IFs_acum|azucar_real_baya_g,4,2026
2025-03-24,Carmenere,VILLA ALEGRE,17.75126017359346,11.83241320330766,mixed,1,CV5,GDA|VPD_medio_acum|IFs_acum|azucar_real_baya_g,4,2026
2025-03-31,Carmenere,VILLA ALEGRE,15.3768705810109,11.283235426496743,mixed,1,CV5,GDA|VPD_medio_acum|IFs_acum|azucar_real_baya_g,4,2026
2025-03-24,Cabernet Sauvignon,LOURDES,12.68354382334615,12.27125775288662,mixed,2,CV5,GDA|VPD_medio_acum|IFs_acum|azucar_real_baya_g,4,2026
2025-04-07,Cabernet Sauvignon,LOURDES,11.51228919348757,12.394348743711577,mixed,2,CV5,GDA|VPD_medio_acum|IFs_acum|azucar_real_baya_g,4,2026
2025-04-15,Cabernet Sauvignon,NILAHUE,20.44998500052518,19.249915801560388,mixed,2,CV5,GDA|VPD_medio_acum|IFs_acum|azucar_real_baya_g,4,2026
2025-03-18,Carmenere,LOURDES,8.223551430153714,13.300735149086098,mixed,2,CV5,GDA|VPD_medio_acum|IFs_acum|azucar_real_baya_g,4,2026
2025-04-17,Carmenere,PEUMO,13.62683288244926,11.767184761194649,mixed,2,CV5,GDA|VPD_medio_acum|IFs_acum|azucar_real_baya_g,4,2026
2025-04-04,Carmenere,VILLA ALEGRE,12.63266367459438,12.462646598728915,mixed,2,CV5,GDA|VPD_medio_acum|IFs_acum|azucar_real_baya_g,4,2026
2025-03-28,Cabernet Sauvignon,IDAHUE,6.857386348829579,10.554820658206873,mixed,3,CV5,GDA|VPD_medio_acum|IFs_acum|azucar_real_baya_g,4,2026
2025-04-02,Cabernet Sauvignon,KEULE,18.34216783130202,12.627386815992779,mixed,3,CV5,GDA|VPD_medio_acum|IFs_acum|azucar_real_baya_g,4,2026
2025-04-01,Cabernet Sauvignon,NILAHUE,15.8727940300019,20.777188807235806,mixed,3,CV5,GDA|VPD_medio_acum|IFs_acum|azucar_real_baya_g,4,2026
2025-03-25,Carmenere,LOURDES,8.839945013607045,11.249719209717284,mixed,3,CV5,GDA|VPD_medio_acum|IFs_acum|azucar_real_baya_g,4,2026
2025-04-01,Carmenere,LOURDES,17.38341818630025,11.084918961309508,mixed,3,CV5,GDA|VPD_medio_acum|IFs_acum|azucar_real_baya_g,4,2026
2025-03-17,Carmenere,VILLA ALEGRE,15.82470214016902,15.065313348310074,mixed,3,CV5,GDA|VPD_medio_acum|IFs_acum|azucar_real_baya_g,4,2026
2025-03-21,Cabernet Sauvignon,IDAHUE,7.289172407329165,13.10017921401622,mixed,4,CV5,GDA|VPD_medio_acum|IFs_acum|azucar_real_baya_g,4,2026
2025-04-04,Cabernet Sauvignon,IDAHUE,6.572009907321235,11.163477725529681,mixed,4,CV5,GDA|VPD_medio_acum|IFs_acum|azucar_real_baya_g,4,2026
2025-04-08,Cabernet Sauvignon,NILAHUE,21.46776394567897,17.785857168197982,mixed,4,CV5,GDA|VPD_medio_acum|IFs_acum|azucar_real_baya_g,4,2026
2025-04-15,Carmenere,LOURDES,7.735229394588683,12.887537072328309,mixed,4,CV5,GDA|VPD_medio_acum|IFs_acum|azucar_real_baya_g,4,2026
2025-04-03,Carmenere,PEUMO,12.34997139700528,12.610305978278102,mixed,4,CV5,GDA|VPD_medio_acum|IFs_acum|azucar_real_baya_g,4,2026
2025-04-11,Cabernet Sauvignon,IDAHUE,7.310494533088405,10.51109884884995,mixed,5,CV5,GDA|VPD_medio_acum|IFs_acum|azucar_real_baya_g,4,2026
2025-03-26,Cabernet Sauvignon,KEULE,13.00879856352544,14.1954311504827,mixed,5,CV5,GDA|VPD_medio_acum|IFs_acum|azucar_real_baya_g,4,2026
2025-04-10,Cabernet Sauvignon,KEULE,18.158516988964,15.686929553719198,mixed,5,CV5,GDA|VPD_medio_acum|IFs_acum|azucar_real_baya_g,4,2026
2025-04-30,Carmenere,PEUMO,10.03302489505644,11.972503263878636,mixed,5,CV5,GDA|VPD_medio_acum|IFs_acum|azucar_real_baya_g,4,2026
2025-05-06,Carmenere,PEUMO,10.9788816308173,11.78545352725,mixed,5,CV5,GDA|VPD_medio_acum|IFs_acum|azucar_real_baya_g,4,2026
