target_key,scheme,subset,split_id,method,predictors,seed,feature,shap_mean_abs
malvidina_3_o_glucosido_mg_kg,lofo_mixed,mixed,IDAHUE,LOFO,GDA|VPD_medio_acum|IFN_acum|rendimiento(ton/ha),42,GDA,7.174126502976408
malvidina_3_o_glucosido_mg_kg,lofo_mixed,mixed,IDAHUE,LOFO,GDA|VPD_medio_acum|IFN_acum|rendimiento(ton/ha),42,VPD_medio_acum,5.064472423020376
malvidina_3_o_glucosido_mg_kg,lofo_mixed,mixed,IDAHUE,LOFO,GDA|VPD_medio_acum|IFN_acum|rendimiento(ton/ha),42,IFN_acum,14.516374980673902
malvidina_3_o_glucosido_mg_kg,lofo_mixed,mixed,IDAHUE,LOFO,GDA|VPD_medio_acum|IFN_acum|rendimiento(ton/ha),42,rendimiento(ton/ha),42.59171036465051
malvidina_3_o_glucosido_mg_kg,lofo_mixed,mixed,KEULE,LOFO,GDA|VPD_medio_acum|IFN_acum|rendimiento(ton/ha),42,GDA,1.4017492783355365
malvidina_3_o_glucosido_mg_kg,lofo_mixed,mixed,KEULE,LOFO,GDA|VPD_medio_acum|IFN_acum|rendimiento(ton/ha),42,VPD_medio_acum,11.588761825375716
malvidina_3_o_glucosido_mg_kg,lofo_mixed,mixed,KEULE,LOFO,GDA|VPD_medio_acum|IFN_acum|rendimiento(ton/ha),42,IFN_acum,50.87337346415575
malvidina_3_o_glucosido_mg_kg,lofo_mixed,mixed,KEULE,LOFO,GDA|VPD_medio_acum|IFN_acum|rendimiento(ton/ha),42,rendimiento(ton/ha),0.6209654347616895
malvidina_3_o_glucosido_mg_kg,lofo_mixed,mixed,LOURDES,LOFO,GDA|VPD_medio_acum|IFN_acum|rendimiento(ton/ha),42,GDA,10.29962165933811
malvidina_3_o_glucosido_mg_kg,lofo_mixed,mixed,LOURDES,LOFO,GDA|VPD_medio_acum|IFN_acum|rendimiento(ton/ha),42,VPD_medio_acum,6.1723843757865
malvidina_3_o_glucosido_mg_kg,lofo_mixed,mixed,LOURDES,LOFO,GDA|VPD_medio_acum|IFN_acum|rendimiento(ton/ha),42,IFN_acum,1.4032533858235108
malvidina_3_o_glucosido_mg_kg,lofo_mixed,mixed,LOURDES,LOFO,GDA|VPD_medio_acum|IFN_acum|rendimiento(ton/ha),42,rendimiento(ton/ha),10.982142954634506
malvidina_3_o_glucosido_mg_kg,lofo_mixed,mixed,NILAHUE,LOFO,GDA|VPD_medio_acum|IFN_acum|rendimiento(ton/ha),42,GDA,2.606830727503313
malvidina_3_o_glucosido_mg_kg,lofo_mixed,mixed,NILAHUE,LOFO,GDA|VPD_medio_acum|IFN_acum|rendimiento(ton/ha),42,VPD_medio_acum,15.013434004839889
malvidina_3_o_glucosido_mg_kg,lofo_mixed,mixed,NILAHUE,LOFO,GDA|VPD_medio_acum|IFN_acum|rendimiento(ton/ha),42,IFN_acum,26.323596016130228
malvidina_3_o_glucosido_mg_kg,lofo_mixed,mixed,NILAHUE,LOFO,GDA|VPD_medio_acum|IFN_acum|rendimiento(ton/ha),42,rendimiento(ton/ha),14.459961573356413
malvidina_3_o_glucosido_mg_kg,lofo_mixed,mixed,PEUMO,LOFO,GDA|VPD_medio_acum|IFN_acum|rendimiento(ton/ha),42,GDA,49.498972986089186
malvidina_3_o_glucosido_mg_kg,lofo_mixed,mixed,PEUMO,LOFO,GDA|VPD_medio_acum|IFN_acum|rendimiento(ton/ha),42,VPD_medio_acum,25.108454467855232
malvidina_3_o_glucosido_mg_kg,lofo_mixed,mixed,PEUMO,LOFO,GDA|VPD_medio_acum|IFN_acum|rendimiento(ton/ha),42,IFN_acum,83.10395874896517
malvidina_3_o_glucosido_mg_kg,lofo_mixed,mixed,PEUMO,LOFO,GDA|VPD_medio_acum|IFN_acum|rendimiento(ton/ha),42,rendimiento(ton/ha),9.353260398734935
malvidina_3_o_glucosido_mg_kg,lofo_mixed,mixed,VILLA ALEGRE,LOFO,GDA|VPD_medio_acum|IFN_acum|rendimiento(ton/ha),42,GDA,6.954372655960507
malvidina_3_o_glucosido_mg_kg,lofo_mixed,mixed,VILLA ALEGRE,LOFO,GDA|VPD_medio_acum|IFN_acum|rendimiento(ton/ha),42,VPD_medio_acum,31.90742493444465
malvidina_3_o_glucosido_mg_kg,lofo_mixed,mixed,VILLA ALEGRE,LOFO,GDA|VPD_medio_acum|IFN_acum|rendimiento(ton/ha),42,IFN_acum,4.779776975466861
malvidina_3_o_glucosido_mg_kg,lofo_mixed,mixed,VILLA ALEGRE,LOFO,GDA|VPD_medio_acum|IFN_acum|rendimiento(ton/ha),42,rendimiento(ton/ha),11.72187263750682
malvidina_3_o_glucosido_mg_kg,lofo_mixed,mixed,IDAHUE,LOFO,GDA|VPD_medio_acum|IFN_acum|rendimiento(ton/ha),123,GDA,7.506128650039044
malvidina_3_o_glucosido_mg_kg,lofo_mixed,mixed,IDAHUE,LOFO,GDA|VPD_medio_acum|IFN_acum|rendimiento(ton/ha),123,VPD_medio_acum,3.683856556574385
malvidina_3_o_glucosido_mg_kg,lofo_mixed,mixed,IDAHUE,LOFO,GDA|VPD_medio_acum|IFN_acum|rendimiento(ton/ha),123,IFN_acum,13.928164234176304
malvidina_3_o_glucosido_mg_kg,lofo_mixed,mixed,IDAHUE,LOFO,GDA|VPD_medio_acum|IFN_acum|rendimiento(ton/ha),123,rendimiento(ton/ha),40.46335894416488
malvidina_3_o_glucosido_mg_kg,lofo_mixed,mixed,KEULE,LOFO,GDA|VPD_medio_acum|IFN_acum|rendimiento(ton/ha),123,GDA,1.5445773882179519
malvidina_3_o_glucosido_mg_kg,lofo_mixed,mixed,KEULE,LOFO,GDA|VPD_medio_acum|IFN_acum|rendimiento(ton/ha),123,VPD_medio_acum,10.938584089985772
malvidina_3_o_glucosido_mg_kg,lofo_mixed,mixed,KEULE,LOFO,GDA|VPD_medio_acum|IFN_acum|rendimiento(ton/ha),123,IFN_acum,49.724073965699034
malvidina_3_o_glucosido_mg_kg,lofo_mixed,mixed,KEULE,LOFO,GDA|VPD_medio_acum|IFN_acum|rendimiento(ton/ha),123,rendimiento(ton/ha),0.6186983602289495
malvidina_3_o_glucosido_mg_kg,lofo_mixed,mixed,LOURDES,LOFO,GDA|VPD_medio_acum|IFN_acum|rendimiento(ton/ha),123,GDA,9.49211323718588
malvidina_3_o_glucosido_mg_kg,lofo_mixed,mixed,LOURDES,LOFO,GDA|VPD_medio_acum|IFN_acum|rendimiento(ton/ha),123,VPD_medio_acum,6.6080620600276205
malvidina_3_o_glucosido_mg_kg,lofo_mixed,mixed,LOURDES,LOFO,GDA|VPD_medio_acum|IFN_acum|rendimiento(ton/ha),123,IFN_acum,2.1366121151055784
malvidina_3_o_glucosido_mg_kg,lofo_mixed,mixed,LOURDES,LOFO,GDA|VPD_medio_acum|IFN_acum|rendimiento(ton/ha),123,rendimiento(ton/ha),11.325167175440981
malvidina_3_o_glucosido_mg_kg,lofo_mixed,mixed,NILAHUE,LOFO,GDA|VPD_medio_acum|IFN_acum|rendimiento(ton/ha),123,GDA,2.95327743079705
malvidina_3_o_glucosido_mg_kg,lofo_mixed,mixed,NILAHUE,LOFO,GDA|VPD_medio_acum|IFN_acum|rendimiento(ton/ha),123,VPD_medio_acum,12.26295856344008
malvidina_3_o_glucosido_mg_kg,lofo_mixed,mixed,NILAHUE,LOFO,GDA|VPD_medio_acum|IFN_acum|rendimiento(ton/ha),123,IFN_acum,29.4469025968896
malvidina_3_o_glucosido_mg_kg,lofo_mixed,mixed,NILAHUE,LOFO,GDA|VPD_medio_acum|IFN_acum|rendimiento(ton/ha),123,rendimiento(ton/ha),14.577371192470745
malvidina_3_o_glucosido_mg_kg,lofo_mixed,mixed,PEUMO,LOFO,GDA|VPD_medio_acum|IFN_acum|rendimiento(ton/ha),123,GDA,43.56656081241576
malvidina_3_o_glucosido_mg_kg,lofo_mixed,mixed,PEUMO,LOFO,GDA|VPD_medio_acum|IFN_acum|rendimiento(ton/ha),123,VPD_medio_acum,26.10779633508434
malvidina_3_o_glucosido_mg_kg,lofo_mixed,mixed,PEUMO,LOFO,GDA|VPD_medio_acum|IFN_acum|rendimiento(ton/ha),123,IFN_acum,89.01398069267832
malvidina_3_o_glucosido_mg_kg,lofo_mixed,mixed,PEUMO,LOFO,GDA|VPD_medio_acum|IFN_acum|rendimiento(ton/ha),123,rendimiento(ton/ha),10.977925546792665
malvidina_3_o_glucosido_mg_kg,lofo_mixed,mixed,VILLA ALEGRE,LOFO,GDA|VPD_medio_acum|IFN_acum|rendimiento(ton/ha),123,GDA,6.680631636918589
malvidina_3_o_glucosido_mg_kg,lofo_mixed,mixed,VILLA ALEGRE,LOFO,GDA|VPD_medio_acum|IFN_acum|rendimiento(ton/ha),123,VPD_medio_acum,29.257493491592818
malvidina_3_o_glucosido_mg_kg,lofo_mixed,mixed,VILLA ALEGRE,LOFO,GDA|VPD_medio_acum|IFN_acum|rendimiento(ton/ha),123,IFN_acum,5.22419856418794
malvidina_3_o_glucosido_mg_kg,lofo_mixed,mixed,VILLA ALEGRE,LOFO,GDA|VPD_medio_acum|IFN_acum|rendimiento(ton/ha),123,rendimiento(ton/ha),13.11636929135862
malvidina_3_o_glucosido_mg_kg,lofo_mixed,mixed,IDAHUE,LOFO,GDA|VPD_medio_acum|IFN_acum|rendimiento(ton/ha),2026,GDA,7.253807483554608
malvidina_3_o_glucosido_mg_kg,lofo_mixed,mixed,IDAHUE,LOFO,GDA|VPD_medio_acum|IFN_acum|rendimiento(ton/ha),2026,VPD_medio_acum,5.991712280777923
malvidina_3_o_glucosido_mg_kg,lofo_mixed,mixed,IDAHUE,LOFO,GDA|VPD_medio_acum|IFN_acum|rendimiento(ton/ha),2026,IFN_acum,16.699109450091317
malvidina_3_o_glucosido_mg_kg,lofo_mixed,mixed,IDAHUE,LOFO,GDA|VPD_medio_acum|IFN_acum|rendimiento(ton/ha),2026,rendimiento(ton/ha),42.07876451018991
malvidina_3_o_glucosido_mg_kg,lofo_mixed,mixed,KEULE,LOFO,GDA|VPD_medio_acum|IFN_acum|rendimiento(ton/ha),2026,GDA,0.8803314677212644
malvidina_3_o_glucosido_mg_kg,lofo_mixed,mixed,KEULE,LOFO,GDA|VPD_medio_acum|IFN_acum|rendimiento(ton/ha),2026,VPD_medio_acum,13.963234795805967
malvidina_3_o_glucosido_mg_kg,lofo_mixed,mixed,KEULE,LOFO,GDA|VPD_medio_acum|IFN_acum|rendimiento(ton/ha),2026,IFN_acum,55.08004134899237
malvidina_3_o_glucosido_mg_kg,lofo_mixed,mixed,KEULE,LOFO,GDA|VPD_medio_acum|IFN_acum|rendimiento(ton/ha),2026,rendimiento(ton/ha),0.43052852466010927
malvidina_3_o_glucosido_mg_kg,lofo_mixed,mixed,LOURDES,LOFO,GDA|VPD_medio_acum|IFN_acum|rendimiento(ton/ha),2026,GDA,11.663832349391559
malvidina_3_o_glucosido_mg_kg,lofo_mixed,mixed,LOURDES,LOFO,GDA|VPD_medio_acum|IFN_acum|rendimiento(ton/ha),2026,VPD_medio_acum,9.483689260787802
malvidina_3_o_glucosido_mg_kg,lofo_mixed,mixed,LOURDES,LOFO,GDA|VPD_medio_acum|IFN_acum|rendimiento(ton/ha),2026,IFN_acum,3.636796892264181
malvidina_3_o_glucosido_mg_kg,lofo_mixed,mixed,LOURDES,LOFO,GDA|VPD_medio_acum|IFN_acum|rendimiento(ton/ha),2026,rendimiento(ton/ha),11.468937012166743
malvidina_3_o_glucosido_mg_kg,lofo_mixed,mixed,NILAHUE,LOFO,GDA|VPD_medio_acum|IFN_acum|rendimiento(ton/ha),2026,GDA,3.2532115129024914
malvidina_3_o_glucosido_mg_kg,lofo_mixed,mixed,NILAHUE,LOFO,GDA|VPD_medio_acum|IFN_acum|rendimiento(ton/ha),2026,VPD_medio_acum,8.192054444091795
malvidina_3_o_glucosido_mg_kg,lofo_mixed,mixed,NILAHUE,LOFO,GDA|VPD_medio_acum|IFN_acum|rendimiento(ton/ha),2026,IFN_acum,31.332403163365882
malvidina_3_o_glucosido_mg_kg,lofo_mixed,mixed,NILAHUE,LOFO,GDA|VPD_medio_acum|IFN_acum|rendimiento(ton/ha),2026,rendimiento(ton/ha),15.072648386047751
malvidina_3_o_glucosido_mg_kg,lofo_mixed,mixed,PEUMO,LOFO,GDA|VPD_medio_acum|IFN_acum|rendimiento(ton/ha),2026,GDA,50.9815006632241
malvidina_3_o_glucosido_mg_kg,lofo_mixed,mixed,PEUMO,LOFO,GDA|VPD_medio_acum|IFN_acum|rendimiento(ton/ha),2026,VPD_medio_acum,27.26762209773984
malvidina_3_o_glucosido_mg_kg,lofo_mixed,mixed,PEUMO,LOFO,GDA|VPD_medio_acum|IFN_acum|rendimiento(ton/ha),2026,IFN_acum,82.51660420540617
malvidina_3_o_glucosido_mg_kg,lofo_mixed,mixed,PEUMO,LOFO,GDA|VPD_medio_acum|IFN_acum|rendimiento(ton/ha),2026,rendimiento(ton/ha),10.345531181761498
malvidina_3_o_glucosido_mg_kg,lofo_mixed,mixed,VILLA ALEGRE,LOFO,GDA|VPD_medio_acum|IFN_acum|rendimiento(ton/ha),2026,GDA,7.0760627843364405
malvidina_3_o_glucosido_mg_kg,lofo_mixed,mixed,VILLA ALEGRE,LOFO,GDA|VPD_medio_acum|IFN_acum|rendimiento(ton/ha),2026,VPD_medio_acum,29.898425499466637
malvidina_3_o_glucosido_mg_kg,lofo_mixed,mixed,VILLA ALEGRE,LOFO,GDA|VPD_medio_acum|IFN_acum|rendimiento(ton/ha),2026,IFN_acum,5.203439800175084
malvidina_3_o_glucosido_mg_kg,lofo_mixed,mixed,VILLA ALEGRE,LOFO,GDA|VPD_medio_acum|IFN_acum|rendimiento(ton/ha),2026,rendimiento(ton/ha),12.89902091507538
