fecha,variedad,fundo,Delfinidina-3-O-glucósido(mgEqMv/Kg),prediction,subset,split_id,method,predictors,n_predictors,seed
2025-03-21,Cabernet Sauvignon,IDAHUE,36.75243425185193,111.94424292302698,mixed,IDAHUE,LOFO,GDA|VPD_medio_acum|IFN_acum|azucar_real_baya_g|peso_baya,5,42
2025-03-28,Cabernet Sauvignon,IDAHUE,33.77979086872919,117.97027766511073,mixed,IDAHUE,LOFO,GDA|VPD_medio_acum|IFN_acum|azucar_real_baya_g|peso_baya,5,42
2025-04-04,Cabernet Sauvignon,IDAHUE,28.87909246694912,121.70195969408431,mixed,IDAHUE,LOFO,GDA|VPD_medio_acum|IFN_acum|azucar_real_baya_g|peso_baya,5,42
2025-04-11,Cabernet Sauvignon,IDAHUE,37.51555965110489,125.12089636785272,mixed,IDAHUE,LOFO,GDA|VPD_medio_acum|IFN_acum|azucar_real_baya_g|peso_baya,5,42
2025-03-19,Cabernet Sauvignon,KEULE,103.4965865949224,51.00057958718904,mixed,KEULE,LOFO,GDA|VPD_medio_acum|IFN_acum|azucar_real_baya_g|peso_baya,5,42
2025-03-26,Cabernet Sauvignon,KEULE,93.98799415463051,50.322935753531695,mixed,KEULE,LOFO,GDA|VPD_medio_acum|IFN_acum|azucar_real_baya_g|peso_baya,5,42
2025-04-02,Cabernet Sauvignon,KEULE,139.722253689875,48.72229647272951,mixed,KEULE,LOFO,GDA|VPD_medio_acum|IFN_acum|azucar_real_baya_g|peso_baya,5,42
2025-04-10,Cabernet Sauvignon,KEULE,133.6912397345227,43.839810244893336,mixed,KEULE,LOFO,GDA|VPD_medio_acum|IFN_acum|azucar_real_baya_g|peso_baya,5,42
2025-03-17,Cabernet Sauvignon,LOURDES,78.93423877753611,100.21142040836324,mixed,LOURDES,LOFO,GDA|VPD_medio_acum|IFN_acum|azucar_real_baya_g|peso_baya,5,42
2025-03-24,Cabernet Sauvignon,LOURDES,67.85715527495647,98.63145194263102,mixed,LOURDES,LOFO,GDA|VPD_medio_acum|IFN_acum|azucar_real_baya_g|peso_baya,5,42
2025-03-31,Cabernet Sauvignon,LOURDES,52.46889309497683,105.59487081033384,mixed,LOURDES,LOFO,GDA|VPD_medio_acum|IFN_acum|azucar_real_baya_g|peso_baya,5,42
2025-04-07,Cabernet Sauvignon,LOURDES,60.47942713249815,100.4891474139707,mixed,LOURDES,LOFO,GDA|VPD_medio_acum|IFN_acum|azucar_real_baya_g|peso_baya,5,42
2025-03-18,Carmenere,LOURDES,41.55634661003974,113.88299722006089,mixed,LOURDES,LOFO,GDA|VPD_medio_acum|IFN_acum|azucar_real_baya_g|peso_baya,5,42
2025-03-25,Carmenere,LOURDES,51.53381019167853,111.45300962266296,mixed,LOURDES,LOFO,GDA|VPD_medio_acum|IFN_acum|azucar_real_baya_g|peso_baya,5,42
2025-04-01,Carmenere,LOURDES,111.9998543132315,97.67264690882611,mixed,LOURDES,LOFO,GDA|VPD_medio_acum|IFN_acum|azucar_real_baya_g|peso_baya,5,42
2025-04-15,Carmenere,LOURDES,34.1995415625087,116.52751638828532,mixed,LOURDES,LOFO,GDA|VPD_medio_acum|IFN_acum|azucar_real_baya_g|peso_baya,5,42
2025-04-01,Cabernet Sauvignon,NILAHUE,87.91033324717837,120.94909935224358,mixed,NILAHUE,LOFO,GDA|VPD_medio_acum|IFN_acum|azucar_real_baya_g|peso_baya,5,42
2025-04-08,Cabernet Sauvignon,NILAHUE,159.3437670477636,122.2484550280424,mixed,NILAHUE,LOFO,GDA|VPD_medio_acum|IFN_acum|azucar_real_baya_g|peso_baya,5,42
2025-04-15,Cabernet Sauvignon,NILAHUE,139.0408007316478,121.07981229436443,mixed,NILAHUE,LOFO,GDA|VPD_medio_acum|IFN_acum|azucar_real_baya_g|peso_baya,5,42
2025-04-30,Cabernet Sauvignon,NILAHUE,147.3707948877019,115.61949409913024,mixed,NILAHUE,LOFO,GDA|VPD_medio_acum|IFN_acum|azucar_real_baya_g|peso_baya,5,42
2025-04-03,Carmenere,PEUMO,82.51194178141346,107.85841640169015,mixed,PEUMO,LOFO,GDA|VPD_medio_acum|IFN_acum|azucar_real_baya_g|peso_baya,5,42
2025-04-17,Carmenere,PEUMO,79.21598676477134,103.04568425889732,mixed,PEUMO,LOFO,GDA|VPD_medio_acum|IFN_acum|azucar_real_baya_g|peso_baya,5,42
2025-04-30,Carmenere,PEUMO,61.57228087846248,101.99630631963875,mixed,PEUMO,LOFO,GDA|VPD_medio_acum|IFN_acum|azucar_real_baya_g|peso_baya,5,42
2025-05-06,Carmenere,PEUMO,71.3475424017563,108.20166625955657,mixed,PEUMO,LOFO,GDA|VPD_medio_acum|IFN_acum|azucar_real_baya_g|peso_baya,5,42
2025-03-17,Carmenere,VILLA ALEGRE,134.6500067286911,48.92246694485143,mixed,VILLA ALEGRE,LOFO,GDA|VPD_medio_acum|IFN_acum|azucar_real_baya_g|peso_baya,5,42
2025-03-24,Carmenere,VILLA ALEGRE,152.4236677866912,49.504678761570815,mixed,VILLA ALEGRE,LOFO,GDA|VPD_medio_acum|IFN_acum|azucar_real_baya_g|peso_baya,5,42
2025-03-31,Carmenere,VILLA ALEGRE,128.888499684307,50.76635154498182,mixed,VILLA ALEGRE,LOFO,GDA|VPD_medio_acum|IFN_acum|azucar_real_baya_g|peso_baya,5,42
2025-04-04,Carmenere,VILLA ALEGRE,92.93152904639688,50.24450338712892,mixed,VILLA ALEGRE,LOFO,GDA|VPD_medio_acum|IFN_acum|azucar_real_baya_g|peso_baya,5,42
2025-03-21,Cabernet Sauvignon,IDAHUE,36.75243425185193,110.66803245060512,mixed,IDAHUE,LOFO,GDA|VPD_medio_acum|IFN_acum|azucar_real_baya_g|peso_baya,5,123
2025-03-28,Cabernet Sauvignon,IDAHUE,33.77979086872919,115.05937536984435,mixed,IDAHUE,LOFO,GDA|VPD_medio_acum|IFN_acum|azucar_real_baya_g|peso_baya,5,123
2025-04-04,Cabernet Sauvignon,IDAHUE,28.87909246694912,119.43706345298742,mixed,IDAHUE,LOFO,GDA|VPD_medio_acum|IFN_acum|azucar_real_baya_g|peso_baya,5,123
2025-04-11,Cabernet Sauvignon,IDAHUE,37.51555965110489,123.77385850615174,mixed,IDAHUE,LOFO,GDA|VPD_medio_acum|IFN_acum|azucar_real_baya_g|peso_baya,5,123
2025-03-19,Cabernet Sauvignon,KEULE,103.4965865949224,48.76890011135444,mixed,KEULE,LOFO,GDA|VPD_medio_acum|IFN_acum|azucar_real_baya_g|peso_baya,5,123
2025-03-26,Cabernet Sauvignon,KEULE,93.98799415463051,47.83903888851569,mixed,KEULE,LOFO,GDA|VPD_medio_acum|IFN_acum|azucar_real_baya_g|peso_baya,5,123
2025-04-02,Cabernet Sauvignon,KEULE,139.722253689875,46.72227793884157,mixed,KEULE,LOFO,GDA|VPD_medio_acum|IFN_acum|azucar_real_baya_g|peso_baya,5,123
2025-04-10,Cabernet Sauvignon,KEULE,133.6912397345227,48.484824229308586,mixed,KEULE,LOFO,GDA|VPD_medio_acum|IFN_acum|azucar_real_baya_g|peso_baya,5,123
2025-03-17,Cabernet Sauvignon,LOURDES,78.93423877753611,105.2152353365407,mixed,LOURDES,LOFO,GDA|VPD_medio_acum|IFN_acum|azucar_real_baya_g|peso_baya,5,123
2025-03-24,Cabernet Sauvignon,LOURDES,67.85715527495647,104.2370336198527,mixed,LOURDES,LOFO,GDA|VPD_medio_acum|IFN_acum|azucar_real_baya_g|peso_baya,5,123
2025-03-31,Cabernet Sauvignon,LOURDES,52.46889309497683,107.8939473300397,mixed,LOURDES,LOFO,GDA|VPD_medio_acum|IFN_acum|azucar_real_baya_g|peso_baya,5,123
2025-04-07,Cabernet Sauvignon,LOURDES,60.47942713249815,106.72560841816882,mixed,LOURDES,LOFO,GDA|VPD_medio_acum|IFN_acum|azucar_real_baya_g|peso_baya,5,123
2025-03-18,Carmenere,LOURDES,41.55634661003974,114.68477713947789,mixed,LOURDES,LOFO,GDA|VPD_medio_acum|IFN_acum|azucar_real_baya_g|peso_baya,5,123
2025-03-25,Carmenere,LOURDES,51.53381019167853,111.03654660611296,mixed,LOURDES,LOFO,GDA|VPD_medio_acum|IFN_acum|azucar_real_baya_g|peso_baya,5,123
2025-04-01,Carmenere,LOURDES,111.9998543132315,103.58676534344612,mixed,LOURDES,LOFO,GDA|VPD_medio_acum|IFN_acum|azucar_real_baya_g|peso_baya,5,123
2025-04-15,Carmenere,LOURDES,34.1995415625087,117.27128497321912,mixed,LOURDES,LOFO,GDA|VPD_medio_acum|IFN_acum|azucar_real_baya_g|peso_baya,5,123
2025-04-01,Cabernet Sauvignon,NILAHUE,87.91033324717837,121.94856506449808,mixed,NILAHUE,LOFO,GDA|VPD_medio_acum|IFN_acum|azucar_real_baya_g|peso_baya,5,123
2025-04-08,Cabernet Sauvignon,NILAHUE,159.3437670477636,121.8600518666317,mixed,NILAHUE,LOFO,GDA|VPD_medio_acum|IFN_acum|azucar_real_baya_g|peso_baya,5,123
2025-04-15,Cabernet Sauvignon,NILAHUE,139.0408007316478,119.79139649857183,mixed,NILAHUE,LOFO,GDA|VPD_medio_acum|IFN_acum|azucar_real_baya_g|peso_baya,5,123
2025-04-30,Cabernet Sauvignon,NILAHUE,147.3707948877019,114.31999761587933,mixed,NILAHUE,LOFO,GDA|VPD_medio_acum|IFN_acum|azucar_real_baya_g|peso_baya,5,123
2025-04-03,Carmenere,PEUMO,82.51194178141346,109.9454010709745,mixed,PEUMO,LOFO,GDA|VPD_medio_acum|IFN_acum|azucar_real_baya_g|peso_baya,5,123
2025-04-17,Carmenere,PEUMO,79.21598676477134,103.73022575560047,mixed,PEUMO,LOFO,GDA|VPD_medio_acum|IFN_acum|azucar_real_baya_g|peso_baya,5,123
2025-04-30,Carmenere,PEUMO,61.57228087846248,103.34166124172508,mixed,PEUMO,LOFO,GDA|VPD_medio_acum|IFN_acum|azucar_real_baya_g|peso_baya,5,123
2025-05-06,Carmenere,PEUMO,71.3475424017563,109.98900478992533,mixed,PEUMO,LOFO,GDA|VPD_medio_acum|IFN_acum|azucar_real_baya_g|peso_baya,5,123
2025-03-17,Carmenere,VILLA ALEGRE,134.6500067286911,50.606119975345685,mixed,VILLA ALEGRE,LOFO,GDA|VPD_medio_acum|IFN_acum|azucar_real_baya_g|peso_baya,5,123
2025-03-24,Carmenere,VILLA ALEGRE,152.4236677866912,51.26636124946106,mixed,VILLA ALEGRE,LOFO,GDA|VPD_medio_acum|IFN_acum|azucar_real_baya_g|peso_baya,5,123
2025-03-31,Carmenere,VILLA ALEGRE,128.888499684307,51.532041089212,mixed,VILLA ALEGRE,LOFO,GDA|VPD_medio_acum|IFN_acum|azucar_real_baya_g|peso_baya,5,123
2025-04-04,Carmenere,VILLA ALEGRE,92.93152904639688,50.25228405704508,mixed,VILLA ALEGRE,LOFO,GDA|VPD_medio_acum|IFN_acum|azucar_real_baya_g|peso_baya,5,123
2025-03-21,Cabernet Sauvignon,IDAHUE,36.75243425185193,108.50929721994466,mixed,IDAHUE,LOFO,GDA|VPD_medio_acum|IFN_acum|azucar_real_baya_g|peso_baya,5,2026
2025-03-28,Cabernet Sauvignon,IDAHUE,33.77979086872919,113.00159730557634,mixed,IDAHUE,LOFO,GDA|VPD_medio_acum|IFN_acum|azucar_real_baya_g|peso_baya,5,2026
2025-04-04,Cabernet Sauvignon,IDAHUE,28.87909246694912,116.61484680941012,mixed,IDAHUE,LOFO,GDA|VPD_medio_acum|IFN_acum|azucar_real_baya_g|peso_baya,5,2026
2025-04-11,Cabernet Sauvignon,IDAHUE,37.51555965110489,120.11339421698048,mixed,IDAHUE,LOFO,GDA|VPD_medio_acum|IFN_acum|azucar_real_baya_g|peso_baya,5,2026
2025-03-19,Cabernet Sauvignon,KEULE,103.4965865949224,50.06823171877845,mixed,KEULE,LOFO,GDA|VPD_medio_acum|IFN_acum|azucar_real_baya_g|peso_baya,5,2026
2025-03-26,Cabernet Sauvignon,KEULE,93.98799415463051,50.028453154813896,mixed,KEULE,LOFO,GDA|VPD_medio_acum|IFN_acum|azucar_real_baya_g|peso_baya,5,2026
2025-04-02,Cabernet Sauvignon,KEULE,139.722253689875,49.00583593778887,mixed,KEULE,LOFO,GDA|VPD_medio_acum|IFN_acum|azucar_real_baya_g|peso_baya,5,2026
2025-04-10,Cabernet Sauvignon,KEULE,133.6912397345227,44.89198502934809,mixed,KEULE,LOFO,GDA|VPD_medio_acum|IFN_acum|azucar_real_baya_g|peso_baya,5,2026
2025-03-17,Cabernet Sauvignon,LOURDES,78.93423877753611,101.91165133457764,mixed,LOURDES,LOFO,GDA|VPD_medio_acum|IFN_acum|azucar_real_baya_g|peso_baya,5,2026
2025-03-24,Cabernet Sauvignon,LOURDES,67.85715527495647,102.58910981149288,mixed,LOURDES,LOFO,GDA|VPD_medio_acum|IFN_acum|azucar_real_baya_g|peso_baya,5,2026
2025-03-31,Cabernet Sauvignon,LOURDES,52.46889309497683,108.17030989355253,mixed,LOURDES,LOFO,GDA|VPD_medio_acum|IFN_acum|azucar_real_baya_g|peso_baya,5,2026
2025-04-07,Cabernet Sauvignon,LOURDES,60.47942713249815,103.1005060327897,mixed,LOURDES,LOFO,GDA|VPD_medio_acum|IFN_acum|azucar_real_baya_g|peso_baya,5,2026
2025-03-18,Carmenere,LOURDES,41.55634661003974,113.38797769233652,mixed,LOURDES,LOFO,GDA|VPD_medio_acum|IFN_acum|azucar_real_baya_g|peso_baya,5,2026
2025-03-25,Carmenere,LOURDES,51.53381019167853,112.26336963016615,mixed,LOURDES,LOFO,GDA|VPD_medio_acum|IFN_acum|azucar_real_baya_g|peso_baya,5,2026
2025-04-01,Carmenere,LOURDES,111.9998543132315,101.44450874941487,mixed,LOURDES,LOFO,GDA|VPD_medio_acum|IFN_acum|azucar_real_baya_g|peso_baya,5,2026
2025-04-15,Carmenere,LOURDES,34.1995415625087,116.40279785024056,mixed,LOURDES,LOFO,GDA|VPD_medio_acum|IFN_acum|azucar_real_baya_g|peso_baya,5,2026
2025-04-01,Cabernet Sauvignon,NILAHUE,87.91033324717837,121.9744483717661,mixed,NILAHUE,LOFO,GDA|VPD_medio_acum|IFN_acum|azucar_real_baya_g|peso_baya,5,2026
2025-04-08,Cabernet Sauvignon,NILAHUE,159.3437670477636,121.16688638594741,mixed,NILAHUE,LOFO,GDA|VPD_medio_acum|IFN_acum|azucar_real_baya_g|peso_baya,5,2026
2025-04-15,Cabernet Sauvignon,NILAHUE,139.0408007316478,119.36676253500659,mixed,NILAHUE,LOFO,GDA|VPD_medio_acum|IFN_acum|azucar_real_baya_g|peso_baya,5,2026
2025-04-30,Cabernet Sauvignon,NILAHUE,147.3707948877019,115.05710347514204,mixed,NILAHUE,LOFO,GDA|VPD_medio_acum|IFN_acum|azucar_real_baya_g|peso_baya,5,2026
2025-04-03,Carmenere,PEUMO,82.51194178141346,109.37082771239756,mixed,PEUMO,LOFO,GDA|VPD_medio_acum|IFN_acum|azucar_real_baya_g|peso_baya,5,2026
2025-04-17,Carmenere,PEUMO,79.21598676477134,103.78584949609126,mixed,PEUMO,LOFO,GDA|VPD_medio_acum|IFN_acum|azucar_real_baya_g|peso_baya,5,2026
2025-04-30,Carmenere,PEUMO,61.57228087846248,102.34924655988276,mixed,PEUMO,LOFO,GDA|VPD_medio_acum|IFN_acum|azucar_real_baya_g|peso_baya,5,2026
2025-05-06,Carmenere,PEUMO,71.3475424017563,108.73135610160587,mixed,PEUMO,LOFO,GDA|VPD_medio_acum|IFN_acum|azucar_real_baya_g|peso_baya,5,2026
2025-03-17,Carmenere,VILLA ALEGRE,134.6500067286911,50.30054895644271,mixed,VILLA ALEGRE,LOFO,GDA|VPD_medio_acum|IFN_acum|azucar_real_baya_g|peso_baya,5,2026
2025-03-24,Carmenere,VILLA ALEGRE,152.4236677866912,51.20676759548501,mixed,VILLA ALEGRE,LOFO,GDA|VPD_medio_acum|IFN_acum|azucar_real_baya_g|peso_baya,5,2026
2025-03-31,Carmenere,VILLA ALEGRE,128.888499684307,52.100884332015184,mixed,VILLA ALEGRE,LOFO,GDA|VPD_medio_acum|IFN_acum|azucar_real_baya_g|peso_baya,5,2026
2025-04-04,Carmenere,VILLA ALEGRE,92.93152904639688,50.62354633428136,mixed,VILLA ALEGRE,LOFO,GDA|VPD_medio_acum|IFN_acum|azucar_real_baya_g|peso_baya,5,2026
