fecha,variedad,fundo,Malvidina-3-O-coumarilglucósido(mgEqMv/Kg),prediction,subset,split_id,method,predictors,n_predictors,seed
2025-03-21,Cabernet Sauvignon,IDAHUE,63.8119095802038,75.3424668589617,mixed,1,CV5,GDA|VPD_medio_acum|IFs_acum|peso_baya,4,42
2025-03-28,Cabernet Sauvignon,IDAHUE,72.68352241163771,70.78944713998351,mixed,1,CV5,GDA|VPD_medio_acum|IFs_acum|peso_baya,4,42
2025-03-17,Cabernet Sauvignon,LOURDES,71.14532795114945,74.47710958379797,mixed,1,CV5,GDA|VPD_medio_acum|IFs_acum|peso_baya,4,42
2025-04-15,Cabernet Sauvignon,NILAHUE,69.43119559210588,70.50005539359859,mixed,1,CV5,GDA|VPD_medio_acum|IFs_acum|peso_baya,4,42
2025-04-03,Carmenere,PEUMO,159.2917170694921,194.63932874012133,mixed,1,CV5,GDA|VPD_medio_acum|IFs_acum|peso_baya,4,42
2025-03-31,Carmenere,VILLA ALEGRE,201.2470976217964,202.18510146074223,mixed,1,CV5,GDA|VPD_medio_acum|IFs_acum|peso_baya,4,42
2025-04-04,Cabernet Sauvignon,IDAHUE,54.89497329023692,66.79327310489143,mixed,2,CV5,GDA|VPD_medio_acum|IFs_acum|peso_baya,4,42
2025-03-31,Cabernet Sauvignon,LOURDES,54.80365471257804,132.9894920089333,mixed,2,CV5,GDA|VPD_medio_acum|IFs_acum|peso_baya,4,42
2025-04-30,Cabernet Sauvignon,NILAHUE,63.01244511226757,66.55795480677779,mixed,2,CV5,GDA|VPD_medio_acum|IFs_acum|peso_baya,4,42
2025-03-25,Carmenere,LOURDES,218.6321224770994,153.4069978579058,mixed,2,CV5,GDA|VPD_medio_acum|IFs_acum|peso_baya,4,42
2025-04-30,Carmenere,PEUMO,115.0157020781089,141.05738671159483,mixed,2,CV5,GDA|VPD_medio_acum|IFs_acum|peso_baya,4,42
2025-04-04,Carmenere,VILLA ALEGRE,182.5592172725683,150.52473090693044,mixed,2,CV5,GDA|VPD_medio_acum|IFs_acum|peso_baya,4,42
2025-04-02,Cabernet Sauvignon,KEULE,79.11503939964594,66.89069280571856,mixed,3,CV5,GDA|VPD_medio_acum|IFs_acum|peso_baya,4,42
2025-04-10,Cabernet Sauvignon,KEULE,63.65620080991152,81.31566330862908,mixed,3,CV5,GDA|VPD_medio_acum|IFs_acum|peso_baya,4,42
2025-04-07,Cabernet Sauvignon,LOURDES,62.02185726809072,82.67807393028514,mixed,3,CV5,GDA|VPD_medio_acum|IFs_acum|peso_baya,4,42
2025-04-15,Carmenere,LOURDES,142.9769028192797,128.2164228212614,mixed,3,CV5,GDA|VPD_medio_acum|IFs_acum|peso_baya,4,42
2025-03-17,Carmenere,VILLA ALEGRE,215.5362107867859,193.09473268493562,mixed,3,CV5,GDA|VPD_medio_acum|IFs_acum|peso_baya,4,42
2025-03-24,Carmenere,VILLA ALEGRE,221.6497349000659,190.74599184415715,mixed,3,CV5,GDA|VPD_medio_acum|IFs_acum|peso_baya,4,42
2025-03-26,Cabernet Sauvignon,KEULE,71.13041758167743,67.9969541973746,mixed,4,CV5,GDA|VPD_medio_acum|IFs_acum|peso_baya,4,42
2025-04-01,Cabernet Sauvignon,NILAHUE,108.1266677390714,120.96930906054362,mixed,4,CV5,GDA|VPD_medio_acum|IFs_acum|peso_baya,4,42
2025-04-08,Cabernet Sauvignon,NILAHUE,75.92167248359972,68.81080416569601,mixed,4,CV5,GDA|VPD_medio_acum|IFs_acum|peso_baya,4,42
2025-03-18,Carmenere,LOURDES,182.3176276491221,171.55591186356256,mixed,4,CV5,GDA|VPD_medio_acum|IFs_acum|peso_baya,4,42
2025-04-01,Carmenere,LOURDES,148.3614620423546,67.98104352628435,mixed,4,CV5,GDA|VPD_medio_acum|IFs_acum|peso_baya,4,42
2025-04-11,Cabernet Sauvignon,IDAHUE,60.24253417629751,74.70459629596782,mixed,5,CV5,GDA|VPD_medio_acum|IFs_acum|peso_baya,4,42
2025-03-19,Cabernet Sauvignon,KEULE,66.67589017596602,74.5137326498499,mixed,5,CV5,GDA|VPD_medio_acum|IFs_acum|peso_baya,4,42
2025-03-24,Cabernet Sauvignon,LOURDES,64.8905097465748,100.05567163576474,mixed,5,CV5,GDA|VPD_medio_acum|IFs_acum|peso_baya,4,42
2025-04-17,Carmenere,PEUMO,87.24360229604282,100.93289655318111,mixed,5,CV5,GDA|VPD_medio_acum|IFs_acum|peso_baya,4,42
2025-05-06,Carmenere,PEUMO,134.8853729582304,178.56993304577693,mixed,5,CV5,GDA|VPD_medio_acum|IFs_acum|peso_baya,4,42
2025-04-11,Cabernet Sauvignon,IDAHUE,60.24253417629751,70.52051328449815,mixed,1,CV5,GDA|VPD_medio_acum|IFs_acum|peso_baya,4,123
2025-03-17,Cabernet Sauvignon,LOURDES,71.14532795114945,74.31994372908399,mixed,1,CV5,GDA|VPD_medio_acum|IFs_acum|peso_baya,4,123
2025-03-24,Cabernet Sauvignon,LOURDES,64.8905097465748,82.37415635737074,mixed,1,CV5,GDA|VPD_medio_acum|IFs_acum|peso_baya,4,123
2025-04-08,Cabernet Sauvignon,NILAHUE,75.92167248359972,69.4085374602925,mixed,1,CV5,GDA|VPD_medio_acum|IFs_acum|peso_baya,4,123
2025-03-25,Carmenere,LOURDES,218.6321224770994,130.79712435323603,mixed,1,CV5,GDA|VPD_medio_acum|IFs_acum|peso_baya,4,123
2025-03-31,Carmenere,VILLA ALEGRE,201.2470976217964,192.64316506373714,mixed,1,CV5,GDA|VPD_medio_acum|IFs_acum|peso_baya,4,123
2025-04-04,Cabernet Sauvignon,IDAHUE,54.89497329023692,67.54014187019412,mixed,2,CV5,GDA|VPD_medio_acum|IFs_acum|peso_baya,4,123
2025-03-19,Cabernet Sauvignon,KEULE,66.67589017596602,73.35664562832261,mixed,2,CV5,GDA|VPD_medio_acum|IFs_acum|peso_baya,4,123
2025-03-31,Cabernet Sauvignon,LOURDES,54.80365471257804,140.71424096854412,mixed,2,CV5,GDA|VPD_medio_acum|IFs_acum|peso_baya,4,123
2025-03-18,Carmenere,LOURDES,182.3176276491221,173.65216273505692,mixed,2,CV5,GDA|VPD_medio_acum|IFs_acum|peso_baya,4,123
2025-04-17,Carmenere,PEUMO,87.24360229604282,77.60324786181442,mixed,2,CV5,GDA|VPD_medio_acum|IFs_acum|peso_baya,4,123
2025-03-17,Carmenere,VILLA ALEGRE,215.5362107867859,201.36611920004316,mixed,2,CV5,GDA|VPD_medio_acum|IFs_acum|peso_baya,4,123
2025-03-21,Cabernet Sauvignon,IDAHUE,63.8119095802038,80.66152956195178,mixed,3,CV5,GDA|VPD_medio_acum|IFs_acum|peso_baya,4,123
2025-03-26,Cabernet Sauvignon,KEULE,71.13041758167743,63.74418297839857,mixed,3,CV5,GDA|VPD_medio_acum|IFs_acum|peso_baya,4,123
2025-04-02,Cabernet Sauvignon,KEULE,79.11503939964594,63.637903379716846,mixed,3,CV5,GDA|VPD_medio_acum|IFs_acum|peso_baya,4,123
2025-04-15,Carmenere,LOURDES,142.9769028192797,118.21320497385335,mixed,3,CV5,GDA|VPD_medio_acum|IFs_acum|peso_baya,4,123
2025-04-30,Carmenere,PEUMO,115.0157020781089,111.54357911172893,mixed,3,CV5,GDA|VPD_medio_acum|IFs_acum|peso_baya,4,123
2025-05-06,Carmenere,PEUMO,134.8853729582304,174.9625154237333,mixed,3,CV5,GDA|VPD_medio_acum|IFs_acum|peso_baya,4,123
2025-03-28,Cabernet Sauvignon,IDAHUE,72.68352241163771,63.155104354270044,mixed,4,CV5,GDA|VPD_medio_acum|IFs_acum|peso_baya,4,123
2025-04-10,Cabernet Sauvignon,KEULE,63.65620080991152,64.0392404296242,mixed,4,CV5,GDA|VPD_medio_acum|IFs_acum|peso_baya,4,123
2025-04-01,Cabernet Sauvignon,NILAHUE,108.1266677390714,108.30398338235727,mixed,4,CV5,GDA|VPD_medio_acum|IFs_acum|peso_baya,4,123
2025-04-01,Carmenere,LOURDES,148.3614620423546,63.29125738614075,mixed,4,CV5,GDA|VPD_medio_acum|IFs_acum|peso_baya,4,123
2025-04-04,Carmenere,VILLA ALEGRE,182.5592172725683,89.5734836942267,mixed,4,CV5,GDA|VPD_medio_acum|IFs_acum|peso_baya,4,123
2025-04-07,Cabernet Sauvignon,LOURDES,62.02185726809072,76.19483384590332,mixed,5,CV5,GDA|VPD_medio_acum|IFs_acum|peso_baya,4,123
2025-04-15,Cabernet Sauvignon,NILAHUE,69.43119559210588,70.42677836864668,mixed,5,CV5,GDA|VPD_medio_acum|IFs_acum|peso_baya,4,123
2025-04-30,Cabernet Sauvignon,NILAHUE,63.01244511226757,68.19217258820096,mixed,5,CV5,GDA|VPD_medio_acum|IFs_acum|peso_baya,4,123
2025-04-03,Carmenere,PEUMO,159.2917170694921,193.40240061693424,mixed,5,CV5,GDA|VPD_medio_acum|IFs_acum|peso_baya,4,123
2025-03-24,Carmenere,VILLA ALEGRE,221.6497349000659,202.34725935656726,mixed,5,CV5,GDA|VPD_medio_acum|IFs_acum|peso_baya,4,123
2025-03-19,Cabernet Sauvignon,KEULE,66.67589017596602,71.48362739478792,mixed,1,CV5,GDA|VPD_medio_acum|IFs_acum|peso_baya,4,2026
2025-03-17,Cabernet Sauvignon,LOURDES,71.14532795114945,72.17938594771466,mixed,1,CV5,GDA|VPD_medio_acum|IFs_acum|peso_baya,4,2026
2025-03-31,Cabernet Sauvignon,LOURDES,54.80365471257804,143.27930578903505,mixed,1,CV5,GDA|VPD_medio_acum|IFs_acum|peso_baya,4,2026
2025-04-30,Cabernet Sauvignon,NILAHUE,63.01244511226757,67.09530566923253,mixed,1,CV5,GDA|VPD_medio_acum|IFs_acum|peso_baya,4,2026
2025-03-24,Carmenere,VILLA ALEGRE,221.6497349000659,197.85531894692247,mixed,1,CV5,GDA|VPD_medio_acum|IFs_acum|peso_baya,4,2026
2025-03-31,Carmenere,VILLA ALEGRE,201.2470976217964,185.58457437124179,mixed,1,CV5,GDA|VPD_medio_acum|IFs_acum|peso_baya,4,2026
2025-03-24,Cabernet Sauvignon,LOURDES,64.8905097465748,92.63705529774602,mixed,2,CV5,GDA|VPD_medio_acum|IFs_acum|peso_baya,4,2026
2025-04-07,Cabernet Sauvignon,LOURDES,62.02185726809072,85.02753885476893,mixed,2,CV5,GDA|VPD_medio_acum|IFs_acum|peso_baya,4,2026
2025-04-15,Cabernet Sauvignon,NILAHUE,69.43119559210588,70.93494679008684,mixed,2,CV5,GDA|VPD_medio_acum|IFs_acum|peso_baya,4,2026
2025-03-18,Carmenere,LOURDES,182.3176276491221,176.36331771253035,mixed,2,CV5,GDA|VPD_medio_acum|IFs_acum|peso_baya,4,2026
2025-04-17,Carmenere,PEUMO,87.24360229604282,87.64150795414884,mixed,2,CV5,GDA|VPD_medio_acum|IFs_acum|peso_baya,4,2026
2025-04-04,Carmenere,VILLA ALEGRE,182.5592172725683,112.87631928547262,mixed,2,CV5,GDA|VPD_medio_acum|IFs_acum|peso_baya,4,2026
2025-03-28,Cabernet Sauvignon,IDAHUE,72.68352241163771,63.88366302191118,mixed,3,CV5,GDA|VPD_medio_acum|IFs_acum|peso_baya,4,2026
2025-04-02,Cabernet Sauvignon,KEULE,79.11503939964594,67.5681273487131,mixed,3,CV5,GDA|VPD_medio_acum|IFs_acum|peso_baya,4,2026
2025-04-01,Cabernet Sauvignon,NILAHUE,108.1266677390714,117.14169282490445,mixed,3,CV5,GDA|VPD_medio_acum|IFs_acum|peso_baya,4,2026
2025-03-25,Carmenere,LOURDES,218.6321224770994,135.4572856071602,mixed,3,CV5,GDA|VPD_medio_acum|IFs_acum|peso_baya,4,2026
2025-04-01,Carmenere,LOURDES,148.3614620423546,63.45682666764033,mixed,3,CV5,GDA|VPD_medio_acum|IFs_acum|peso_baya,4,2026
2025-03-17,Carmenere,VILLA ALEGRE,215.5362107867859,199.1517897383156,mixed,3,CV5,GDA|VPD_medio_acum|IFs_acum|peso_baya,4,2026
2025-03-21,Cabernet Sauvignon,IDAHUE,63.8119095802038,75.15424198609675,mixed,4,CV5,GDA|VPD_medio_acum|IFs_acum|peso_baya,4,2026
2025-04-04,Cabernet Sauvignon,IDAHUE,54.89497329023692,72.14179789374778,mixed,4,CV5,GDA|VPD_medio_acum|IFs_acum|peso_baya,4,2026
2025-04-08,Cabernet Sauvignon,NILAHUE,75.92167248359972,70.93805097592309,mixed,4,CV5,GDA|VPD_medio_acum|IFs_acum|peso_baya,4,2026
2025-04-15,Carmenere,LOURDES,142.9769028192797,119.510018584495,mixed,4,CV5,GDA|VPD_medio_acum|IFs_acum|peso_baya,4,2026
2025-04-03,Carmenere,PEUMO,159.2917170694921,195.41721488266347,mixed,4,CV5,GDA|VPD_medio_acum|IFs_acum|peso_baya,4,2026
2025-04-11,Cabernet Sauvignon,IDAHUE,60.24253417629751,69.97851980895727,mixed,5,CV5,GDA|VPD_medio_acum|IFs_acum|peso_baya,4,2026
2025-03-26,Cabernet Sauvignon,KEULE,71.13041758167743,68.54743784482349,mixed,5,CV5,GDA|VPD_medio_acum|IFs_acum|peso_baya,4,2026
2025-04-10,Cabernet Sauvignon,KEULE,63.65620080991152,75.54788308003629,mixed,5,CV5,GDA|VPD_medio_acum|IFs_acum|peso_baya,4,2026
2025-04-30,Carmenere,PEUMO,115.0157020781089,121.25965408528405,mixed,5,CV5,GDA|VPD_medio_acum|IFs_acum|peso_baya,4,2026
2025-05-06,Carmenere,PEUMO,134.8853729582304,175.07975302327876,mixed,5,CV5,GDA|VPD_medio_acum|IFs_acum|peso_baya,4,2026
