fecha,variedad,fundo,Malvidina-3-O-glucósido(mg/Kg),prediction,subset,split_id,method,predictors,n_predictors,seed
2025-03-21,Cabernet Sauvignon,IDAHUE,290.2554255570248,457.82130184038107,mixed,IDAHUE,LOFO,GDA|VPD_medio_acum|IFTT_acum|rendimiento(ton/ha),4,42
2025-03-28,Cabernet Sauvignon,IDAHUE,331.4848203188757,453.7236567985543,mixed,IDAHUE,LOFO,GDA|VPD_medio_acum|IFTT_acum|rendimiento(ton/ha),4,42
2025-04-04,Cabernet Sauvignon,IDAHUE,280.5721071813877,468.83794011086235,mixed,IDAHUE,LOFO,GDA|VPD_medio_acum|IFTT_acum|rendimiento(ton/ha),4,42
2025-04-11,Cabernet Sauvignon,IDAHUE,330.470543426924,500.8512971587998,mixed,IDAHUE,LOFO,GDA|VPD_medio_acum|IFTT_acum|rendimiento(ton/ha),4,42
2025-03-19,Cabernet Sauvignon,KEULE,381.1058805671615,346.03553354270696,mixed,KEULE,LOFO,GDA|VPD_medio_acum|IFTT_acum|rendimiento(ton/ha),4,42
2025-03-26,Cabernet Sauvignon,KEULE,383.3642984163376,346.7182176797887,mixed,KEULE,LOFO,GDA|VPD_medio_acum|IFTT_acum|rendimiento(ton/ha),4,42
2025-04-02,Cabernet Sauvignon,KEULE,478.261989318482,337.3221918376053,mixed,KEULE,LOFO,GDA|VPD_medio_acum|IFTT_acum|rendimiento(ton/ha),4,42
2025-04-10,Cabernet Sauvignon,KEULE,426.5226503535093,341.2893515691121,mixed,KEULE,LOFO,GDA|VPD_medio_acum|IFTT_acum|rendimiento(ton/ha),4,42
2025-03-17,Cabernet Sauvignon,LOURDES,345.6547917998745,501.41766799618625,mixed,LOURDES,LOFO,GDA|VPD_medio_acum|IFTT_acum|rendimiento(ton/ha),4,42
2025-03-24,Cabernet Sauvignon,LOURDES,332.4407197436493,503.1745203000606,mixed,LOURDES,LOFO,GDA|VPD_medio_acum|IFTT_acum|rendimiento(ton/ha),4,42
2025-03-31,Cabernet Sauvignon,LOURDES,296.4689353959097,503.99413557476754,mixed,LOURDES,LOFO,GDA|VPD_medio_acum|IFTT_acum|rendimiento(ton/ha),4,42
2025-04-07,Cabernet Sauvignon,LOURDES,312.121960729017,529.0239215704308,mixed,LOURDES,LOFO,GDA|VPD_medio_acum|IFTT_acum|rendimiento(ton/ha),4,42
2025-03-18,Carmenere,LOURDES,342.8583515097109,500.7694664981804,mixed,LOURDES,LOFO,GDA|VPD_medio_acum|IFTT_acum|rendimiento(ton/ha),4,42
2025-03-25,Carmenere,LOURDES,410.6922124426852,502.58111140267545,mixed,LOURDES,LOFO,GDA|VPD_medio_acum|IFTT_acum|rendimiento(ton/ha),4,42
2025-04-01,Carmenere,LOURDES,473.657827829243,511.40875978709914,mixed,LOURDES,LOFO,GDA|VPD_medio_acum|IFTT_acum|rendimiento(ton/ha),4,42
2025-04-15,Carmenere,LOURDES,299.8966300699511,514.2597478677625,mixed,LOURDES,LOFO,GDA|VPD_medio_acum|IFTT_acum|rendimiento(ton/ha),4,42
2025-04-01,Cabernet Sauvignon,NILAHUE,358.8021587889505,389.11052692580364,mixed,NILAHUE,LOFO,GDA|VPD_medio_acum|IFTT_acum|rendimiento(ton/ha),4,42
2025-04-08,Cabernet Sauvignon,NILAHUE,508.2645747914879,390.50591802857383,mixed,NILAHUE,LOFO,GDA|VPD_medio_acum|IFTT_acum|rendimiento(ton/ha),4,42
2025-04-15,Cabernet Sauvignon,NILAHUE,473.3176701549487,392.9456217205941,mixed,NILAHUE,LOFO,GDA|VPD_medio_acum|IFTT_acum|rendimiento(ton/ha),4,42
2025-04-30,Cabernet Sauvignon,NILAHUE,455.7666930856986,377.5584621578136,mixed,NILAHUE,LOFO,GDA|VPD_medio_acum|IFTT_acum|rendimiento(ton/ha),4,42
2025-04-03,Carmenere,PEUMO,424.8882275012126,552.1096063486406,mixed,PEUMO,LOFO,GDA|VPD_medio_acum|IFTT_acum|rendimiento(ton/ha),4,42
2025-04-17,Carmenere,PEUMO,397.2727485599117,551.1667652945885,mixed,PEUMO,LOFO,GDA|VPD_medio_acum|IFTT_acum|rendimiento(ton/ha),4,42
2025-04-30,Carmenere,PEUMO,365.5287355318858,551.1667652945885,mixed,PEUMO,LOFO,GDA|VPD_medio_acum|IFTT_acum|rendimiento(ton/ha),4,42
2025-05-06,Carmenere,PEUMO,381.9665157180995,551.5866243610583,mixed,PEUMO,LOFO,GDA|VPD_medio_acum|IFTT_acum|rendimiento(ton/ha),4,42
2025-03-17,Carmenere,VILLA ALEGRE,615.9380829306662,353.1952784045171,mixed,VILLA ALEGRE,LOFO,GDA|VPD_medio_acum|IFTT_acum|rendimiento(ton/ha),4,42
2025-03-24,Carmenere,VILLA ALEGRE,644.185517657866,347.01167210428565,mixed,VILLA ALEGRE,LOFO,GDA|VPD_medio_acum|IFTT_acum|rendimiento(ton/ha),4,42
2025-03-31,Carmenere,VILLA ALEGRE,579.7524354061696,352.06030793092776,mixed,VILLA ALEGRE,LOFO,GDA|VPD_medio_acum|IFTT_acum|rendimiento(ton/ha),4,42
2025-04-04,Carmenere,VILLA ALEGRE,497.5805093953996,355.2173486703116,mixed,VILLA ALEGRE,LOFO,GDA|VPD_medio_acum|IFTT_acum|rendimiento(ton/ha),4,42
2025-03-21,Cabernet Sauvignon,IDAHUE,290.2554255570248,454.90419488059297,mixed,IDAHUE,LOFO,GDA|VPD_medio_acum|IFTT_acum|rendimiento(ton/ha),4,123
2025-03-28,Cabernet Sauvignon,IDAHUE,331.4848203188757,454.33350116234993,mixed,IDAHUE,LOFO,GDA|VPD_medio_acum|IFTT_acum|rendimiento(ton/ha),4,123
2025-04-04,Cabernet Sauvignon,IDAHUE,280.5721071813877,470.9516842308375,mixed,IDAHUE,LOFO,GDA|VPD_medio_acum|IFTT_acum|rendimiento(ton/ha),4,123
2025-04-11,Cabernet Sauvignon,IDAHUE,330.470543426924,491.6828552499807,mixed,IDAHUE,LOFO,GDA|VPD_medio_acum|IFTT_acum|rendimiento(ton/ha),4,123
2025-03-19,Cabernet Sauvignon,KEULE,381.1058805671615,344.3756605889057,mixed,KEULE,LOFO,GDA|VPD_medio_acum|IFTT_acum|rendimiento(ton/ha),4,123
2025-03-26,Cabernet Sauvignon,KEULE,383.3642984163376,346.27543908278966,mixed,KEULE,LOFO,GDA|VPD_medio_acum|IFTT_acum|rendimiento(ton/ha),4,123
2025-04-02,Cabernet Sauvignon,KEULE,478.261989318482,338.49563449612816,mixed,KEULE,LOFO,GDA|VPD_medio_acum|IFTT_acum|rendimiento(ton/ha),4,123
2025-04-10,Cabernet Sauvignon,KEULE,426.5226503535093,340.460273679027,mixed,KEULE,LOFO,GDA|VPD_medio_acum|IFTT_acum|rendimiento(ton/ha),4,123
2025-03-17,Cabernet Sauvignon,LOURDES,345.6547917998745,518.3848871236505,mixed,LOURDES,LOFO,GDA|VPD_medio_acum|IFTT_acum|rendimiento(ton/ha),4,123
2025-03-24,Cabernet Sauvignon,LOURDES,332.4407197436493,520.2190364872168,mixed,LOURDES,LOFO,GDA|VPD_medio_acum|IFTT_acum|rendimiento(ton/ha),4,123
2025-03-31,Cabernet Sauvignon,LOURDES,296.4689353959097,522.4164329440712,mixed,LOURDES,LOFO,GDA|VPD_medio_acum|IFTT_acum|rendimiento(ton/ha),4,123
2025-04-07,Cabernet Sauvignon,LOURDES,312.121960729017,542.8070382944321,mixed,LOURDES,LOFO,GDA|VPD_medio_acum|IFTT_acum|rendimiento(ton/ha),4,123
2025-03-18,Carmenere,LOURDES,342.8583515097109,517.7797644810645,mixed,LOURDES,LOFO,GDA|VPD_medio_acum|IFTT_acum|rendimiento(ton/ha),4,123
2025-03-25,Carmenere,LOURDES,410.6922124426852,519.7236007887027,mixed,LOURDES,LOFO,GDA|VPD_medio_acum|IFTT_acum|rendimiento(ton/ha),4,123
2025-04-01,Carmenere,LOURDES,473.657827829243,527.1359729908106,mixed,LOURDES,LOFO,GDA|VPD_medio_acum|IFTT_acum|rendimiento(ton/ha),4,123
2025-04-15,Carmenere,LOURDES,299.8966300699511,523.7164673616448,mixed,LOURDES,LOFO,GDA|VPD_medio_acum|IFTT_acum|rendimiento(ton/ha),4,123
2025-04-01,Cabernet Sauvignon,NILAHUE,358.8021587889505,386.45334358632783,mixed,NILAHUE,LOFO,GDA|VPD_medio_acum|IFTT_acum|rendimiento(ton/ha),4,123
2025-04-08,Cabernet Sauvignon,NILAHUE,508.2645747914879,387.25198544937155,mixed,NILAHUE,LOFO,GDA|VPD_medio_acum|IFTT_acum|rendimiento(ton/ha),4,123
2025-04-15,Cabernet Sauvignon,NILAHUE,473.3176701549487,388.5094403264105,mixed,NILAHUE,LOFO,GDA|VPD_medio_acum|IFTT_acum|rendimiento(ton/ha),4,123
2025-04-30,Cabernet Sauvignon,NILAHUE,455.7666930856986,369.91922420971525,mixed,NILAHUE,LOFO,GDA|VPD_medio_acum|IFTT_acum|rendimiento(ton/ha),4,123
2025-04-03,Carmenere,PEUMO,424.8882275012126,558.5053650108508,mixed,PEUMO,LOFO,GDA|VPD_medio_acum|IFTT_acum|rendimiento(ton/ha),4,123
2025-04-17,Carmenere,PEUMO,397.2727485599117,558.3258059735876,mixed,PEUMO,LOFO,GDA|VPD_medio_acum|IFTT_acum|rendimiento(ton/ha),4,123
2025-04-30,Carmenere,PEUMO,365.5287355318858,558.3258059735876,mixed,PEUMO,LOFO,GDA|VPD_medio_acum|IFTT_acum|rendimiento(ton/ha),4,123
2025-05-06,Carmenere,PEUMO,381.9665157180995,558.3258059735876,mixed,PEUMO,LOFO,GDA|VPD_medio_acum|IFTT_acum|rendimiento(ton/ha),4,123
2025-03-17,Carmenere,VILLA ALEGRE,615.9380829306662,358.9674220473182,mixed,VILLA ALEGRE,LOFO,GDA|VPD_medio_acum|IFTT_acum|rendimiento(ton/ha),4,123
2025-03-24,Carmenere,VILLA ALEGRE,644.185517657866,350.5885399698683,mixed,VILLA ALEGRE,LOFO,GDA|VPD_medio_acum|IFTT_acum|rendimiento(ton/ha),4,123
2025-03-31,Carmenere,VILLA ALEGRE,579.7524354061696,354.4125933266509,mixed,VILLA ALEGRE,LOFO,GDA|VPD_medio_acum|IFTT_acum|rendimiento(ton/ha),4,123
2025-04-04,Carmenere,VILLA ALEGRE,497.5805093953996,359.5357055533928,mixed,VILLA ALEGRE,LOFO,GDA|VPD_medio_acum|IFTT_acum|rendimiento(ton/ha),4,123
2025-03-21,Cabernet Sauvignon,IDAHUE,290.2554255570248,454.6761750447743,mixed,IDAHUE,LOFO,GDA|VPD_medio_acum|IFTT_acum|rendimiento(ton/ha),4,2026
2025-03-28,Cabernet Sauvignon,IDAHUE,331.4848203188757,451.74149819835145,mixed,IDAHUE,LOFO,GDA|VPD_medio_acum|IFTT_acum|rendimiento(ton/ha),4,2026
2025-04-04,Cabernet Sauvignon,IDAHUE,280.5721071813877,462.64287212830095,mixed,IDAHUE,LOFO,GDA|VPD_medio_acum|IFTT_acum|rendimiento(ton/ha),4,2026
2025-04-11,Cabernet Sauvignon,IDAHUE,330.470543426924,495.2654429708808,mixed,IDAHUE,LOFO,GDA|VPD_medio_acum|IFTT_acum|rendimiento(ton/ha),4,2026
2025-03-19,Cabernet Sauvignon,KEULE,381.1058805671615,343.78984839211216,mixed,KEULE,LOFO,GDA|VPD_medio_acum|IFTT_acum|rendimiento(ton/ha),4,2026
2025-03-26,Cabernet Sauvignon,KEULE,383.3642984163376,343.9283588891649,mixed,KEULE,LOFO,GDA|VPD_medio_acum|IFTT_acum|rendimiento(ton/ha),4,2026
2025-04-02,Cabernet Sauvignon,KEULE,478.261989318482,336.2291993143276,mixed,KEULE,LOFO,GDA|VPD_medio_acum|IFTT_acum|rendimiento(ton/ha),4,2026
2025-04-10,Cabernet Sauvignon,KEULE,426.5226503535093,339.6017256492349,mixed,KEULE,LOFO,GDA|VPD_medio_acum|IFTT_acum|rendimiento(ton/ha),4,2026
2025-03-17,Cabernet Sauvignon,LOURDES,345.6547917998745,515.154252859186,mixed,LOURDES,LOFO,GDA|VPD_medio_acum|IFTT_acum|rendimiento(ton/ha),4,2026
2025-03-24,Cabernet Sauvignon,LOURDES,332.4407197436493,518.1880285625979,mixed,LOURDES,LOFO,GDA|VPD_medio_acum|IFTT_acum|rendimiento(ton/ha),4,2026
2025-03-31,Cabernet Sauvignon,LOURDES,296.4689353959097,519.4973318278213,mixed,LOURDES,LOFO,GDA|VPD_medio_acum|IFTT_acum|rendimiento(ton/ha),4,2026
2025-04-07,Cabernet Sauvignon,LOURDES,312.121960729017,543.7056094829488,mixed,LOURDES,LOFO,GDA|VPD_medio_acum|IFTT_acum|rendimiento(ton/ha),4,2026
2025-03-18,Carmenere,LOURDES,342.8583515097109,514.468835434636,mixed,LOURDES,LOFO,GDA|VPD_medio_acum|IFTT_acum|rendimiento(ton/ha),4,2026
2025-03-25,Carmenere,LOURDES,410.6922124426852,517.5026111380479,mixed,LOURDES,LOFO,GDA|VPD_medio_acum|IFTT_acum|rendimiento(ton/ha),4,2026
2025-04-01,Carmenere,LOURDES,473.657827829243,525.7027855058553,mixed,LOURDES,LOFO,GDA|VPD_medio_acum|IFTT_acum|rendimiento(ton/ha),4,2026
2025-04-15,Carmenere,LOURDES,299.8966300699511,524.7531285821852,mixed,LOURDES,LOFO,GDA|VPD_medio_acum|IFTT_acum|rendimiento(ton/ha),4,2026
2025-04-01,Cabernet Sauvignon,NILAHUE,358.8021587889505,383.74350101795284,mixed,NILAHUE,LOFO,GDA|VPD_medio_acum|IFTT_acum|rendimiento(ton/ha),4,2026
2025-04-08,Cabernet Sauvignon,NILAHUE,508.2645747914879,384.2417359420556,mixed,NILAHUE,LOFO,GDA|VPD_medio_acum|IFTT_acum|rendimiento(ton/ha),4,2026
2025-04-15,Cabernet Sauvignon,NILAHUE,473.3176701549487,385.5798643350379,mixed,NILAHUE,LOFO,GDA|VPD_medio_acum|IFTT_acum|rendimiento(ton/ha),4,2026
2025-04-30,Cabernet Sauvignon,NILAHUE,455.7666930856986,367.20679448566295,mixed,NILAHUE,LOFO,GDA|VPD_medio_acum|IFTT_acum|rendimiento(ton/ha),4,2026
2025-04-03,Carmenere,PEUMO,424.8882275012126,556.6250330796722,mixed,PEUMO,LOFO,GDA|VPD_medio_acum|IFTT_acum|rendimiento(ton/ha),4,2026
2025-04-17,Carmenere,PEUMO,397.2727485599117,556.0143814590141,mixed,PEUMO,LOFO,GDA|VPD_medio_acum|IFTT_acum|rendimiento(ton/ha),4,2026
2025-04-30,Carmenere,PEUMO,365.5287355318858,555.897374945219,mixed,PEUMO,LOFO,GDA|VPD_medio_acum|IFTT_acum|rendimiento(ton/ha),4,2026
2025-05-06,Carmenere,PEUMO,381.9665157180995,555.897374945219,mixed,PEUMO,LOFO,GDA|VPD_medio_acum|IFTT_acum|rendimiento(ton/ha),4,2026
2025-03-17,Carmenere,VILLA ALEGRE,615.9380829306662,353.21418795578535,mixed,VILLA ALEGRE,LOFO,GDA|VPD_medio_acum|IFTT_acum|rendimiento(ton/ha),4,2026
2025-03-24,Carmenere,VILLA ALEGRE,644.185517657866,348.25090212982,mixed,VILLA ALEGRE,LOFO,GDA|VPD_medio_acum|IFTT_acum|rendimiento(ton/ha),4,2026
2025-03-31,Carmenere,VILLA ALEGRE,579.7524354061696,352.05042147393846,mixed,VILLA ALEGRE,LOFO,GDA|VPD_medio_acum|IFTT_acum|rendimiento(ton/ha),4,2026
2025-04-04,Carmenere,VILLA ALEGRE,497.5805093953996,355.1295414029807,mixed,VILLA ALEGRE,LOFO,GDA|VPD_medio_acum|IFTT_acum|rendimiento(ton/ha),4,2026
